ligand,boltz_value,boltz_probability  
BI-4732,-2.2310791015625,0.7892470359802246  
