filename,min_dist,I_sc
TER_0001.pdb,12.2153,-5.6650
TER_0002.pdb,16.4036,-11.4150
TER_0003.pdb,9.7809,-14.2060
TER_0004.pdb,25.0392,-8.6390
TER_0005.pdb,21.2455,-8.3140
TER_0006.pdb,24.9603,-14.3800
TER_0007.pdb,13.8428,-13.9140
TER_0008.pdb,16.7898,-19.4780
TER_0009.pdb,17.0035,-12.8280
TER_0010.pdb,19.9768,-12.1600
TER_0011.pdb,23.6577,-0.2660
TER_0012.pdb,13.6064,-15.9930
TER_0013.pdb,23.6361,-11.5650
TER_0014.pdb,13.6397,-11.6990
TER_0015.pdb,16.7630,-10.9310
TER_0016.pdb,11.6914,-16.0820
TER_0017.pdb,15.6349,-9.7440
TER_0018.pdb,22.7609,-11.7760
TER_0019.pdb,12.8667,-15.4100
TER_0020.pdb,13.9819,-12.0740
TER_0021.pdb,18.3349,-12.6190
TER_0022.pdb,12.3698,-16.4850
TER_0023.pdb,19.6815,-13.8080
TER_0024.pdb,12.1734,-17.2670
TER_0025.pdb,29.3158,-9.0290
TER_0026.pdb,14.7102,-17.1900
TER_0027.pdb,11.1218,-8.5530
TER_0028.pdb,17.3991,-13.0340
TER_0029.pdb,14.5440,-10.4160
TER_0030.pdb,16.7544,-3.4020
TER_0031.pdb,14.3232,-7.0570
TER_0032.pdb,15.7346,-12.2830
TER_0033.pdb,18.7566,-14.5880
TER_0034.pdb,15.4784,-9.2590
TER_0035.pdb,12.1504,-8.2870
TER_0036.pdb,17.0899,-17.0490
TER_0037.pdb,15.9083,-11.9510
TER_0038.pdb,39.5548,0.0000
TER_0039.pdb,15.5050,-8.7620
TER_0040.pdb,11.6397,-18.8070
TER_0041.pdb,16.8200,-17.4880
TER_0042.pdb,22.8134,-7.3890
TER_0043.pdb,23.6049,-6.8340
TER_0044.pdb,15.4756,-9.8550
TER_0045.pdb,13.4803,-11.0680
TER_0046.pdb,13.9945,-13.0890
TER_0047.pdb,17.3065,-12.4220
TER_0048.pdb,13.7717,-14.6260
TER_0049.pdb,15.7960,-9.3640
TER_0050.pdb,19.0563,-10.5240
TER_0051.pdb,12.5714,-17.0900
TER_0052.pdb,22.5672,-9.3610
TER_0053.pdb,29.2702,-0.9370
TER_0054.pdb,12.6933,-19.5690
TER_0055.pdb,13.8070,-8.3200
TER_0056.pdb,15.1606,-9.7490
TER_0057.pdb,12.3378,-11.6450
TER_0058.pdb,18.2342,-14.2560
TER_0059.pdb,16.7714,-6.0190
TER_0060.pdb,13.1188,-10.6590
TER_0061.pdb,20.3567,-22.7350
TER_0062.pdb,16.6080,-17.8780
TER_0063.pdb,17.4326,-11.8580
TER_0064.pdb,12.9301,-18.1040
TER_0065.pdb,25.9452,-8.7470
TER_0066.pdb,30.9730,-4.4200
TER_0067.pdb,16.8912,-17.0510
TER_0068.pdb,16.8458,-16.3020
TER_0069.pdb,13.1820,-16.5770
TER_0070.pdb,19.3419,-11.1140
TER_0071.pdb,17.7362,-8.7750
TER_0072.pdb,16.7265,-20.0590
TER_0073.pdb,16.0999,-15.0610
TER_0074.pdb,15.5049,-13.0910
TER_0075.pdb,20.2750,-15.9520
TER_0076.pdb,16.9696,-15.6530
TER_0077.pdb,15.8754,-7.3820
TER_0078.pdb,23.3548,-7.4720
TER_0079.pdb,19.7061,-8.2840
TER_0080.pdb,11.3932,-7.0490
TER_0081.pdb,22.1964,-12.2480
TER_0082.pdb,14.1456,-12.0780
TER_0083.pdb,14.7590,-0.6310
TER_0084.pdb,52.9327,0.0000
TER_0085.pdb,18.4800,-11.1790
TER_0086.pdb,21.6939,-7.7880
TER_0087.pdb,21.2160,-8.0160
TER_0088.pdb,16.3993,-17.6990
TER_0089.pdb,48.6886,0.0000
TER_0090.pdb,11.2849,-16.2510
TER_0091.pdb,16.1083,-13.9570
TER_0092.pdb,13.0590,-5.8440
TER_0093.pdb,15.3086,-13.2860
TER_0094.pdb,14.4448,-17.9190
TER_0095.pdb,20.9621,-10.0270
TER_0096.pdb,16.5177,-15.4310
TER_0097.pdb,89.0569,0.0000
TER_0098.pdb,17.1558,-9.9360
TER_0099.pdb,16.9627,-15.1730
TER_0100.pdb,22.2353,-7.3810
TER_0101.pdb,22.4273,-15.1440
TER_0102.pdb,28.3706,0.0000
TER_0103.pdb,20.8486,-13.7550
TER_0104.pdb,12.4433,-12.6030
TER_0105.pdb,13.3804,-15.3650
TER_0106.pdb,28.0226,-14.9150
TER_0107.pdb,22.5340,-10.6270
TER_0108.pdb,16.2890,-12.0410
TER_0109.pdb,15.1953,-18.0260
TER_0110.pdb,15.0594,-11.6240
TER_0111.pdb,14.1792,-18.0680
TER_0112.pdb,17.3588,-5.4390
TER_0113.pdb,16.1826,-8.2030
TER_0114.pdb,14.0692,-15.4110
TER_0115.pdb,21.1673,-10.2510
TER_0116.pdb,14.5488,-12.3670
TER_0117.pdb,19.9591,-15.2020
TER_0118.pdb,13.8036,-10.9780
TER_0119.pdb,20.9107,-6.8870
TER_0120.pdb,12.3715,-15.2030
TER_0121.pdb,28.5467,-0.0260
TER_0122.pdb,14.7569,-12.4920
TER_0123.pdb,13.9557,-17.6450
TER_0124.pdb,24.8129,-6.9750
TER_0125.pdb,11.0980,-13.3440
TER_0126.pdb,11.7933,-12.6180
TER_0127.pdb,13.6915,-10.7460
TER_0128.pdb,16.7037,-11.7500
TER_0129.pdb,16.6812,-15.7050
TER_0130.pdb,14.5286,-15.0230
TER_0131.pdb,20.2483,-16.0020
TER_0132.pdb,17.2554,-7.7950
TER_0133.pdb,14.4514,-17.2770
TER_0134.pdb,17.3690,-10.6750
TER_0135.pdb,14.8348,-16.2800
TER_0136.pdb,13.9183,-16.1530
TER_0137.pdb,20.8094,-9.5900
TER_0138.pdb,16.3033,-4.3910
TER_0139.pdb,13.1009,-15.2860
TER_0140.pdb,15.3484,-13.3340
TER_0141.pdb,12.1572,-10.4760
TER_0142.pdb,14.3689,-18.6490
TER_0143.pdb,21.3066,-3.9330
TER_0144.pdb,10.5752,-12.2810
TER_0145.pdb,13.0878,-12.6320
TER_0146.pdb,22.5189,-18.4320
TER_0147.pdb,11.2927,-9.6300
TER_0148.pdb,24.6319,-1.0480
TER_0149.pdb,14.9459,-12.0580
TER_0150.pdb,24.1789,-8.5210
TER_0151.pdb,16.1226,-8.3910
TER_0152.pdb,25.1125,-1.5240
TER_0153.pdb,18.2135,-9.5610
TER_0154.pdb,23.3051,-10.4080
TER_0155.pdb,15.0667,-6.4650
TER_0156.pdb,15.9024,-10.9610
TER_0157.pdb,19.0196,-21.6130
TER_0158.pdb,25.6435,-13.8010
TER_0159.pdb,23.7374,-15.0540
TER_0160.pdb,18.9228,-2.4510
TER_0161.pdb,40.5012,0.0000
TER_0162.pdb,17.9227,-11.6150
TER_0163.pdb,24.8237,-9.2560
TER_0164.pdb,24.1576,-8.1260
TER_0165.pdb,11.4641,-18.2670
TER_0166.pdb,15.8633,-18.4330
TER_0167.pdb,12.8495,-12.4450
TER_0168.pdb,18.9716,-8.2250
TER_0169.pdb,22.2598,-10.7430
TER_0170.pdb,15.6980,-10.5770
TER_0171.pdb,10.1848,-13.3090
TER_0172.pdb,23.4285,-10.4420
TER_0173.pdb,23.0042,-18.2730
TER_0174.pdb,18.8603,-10.1570
TER_0175.pdb,24.9644,-7.3370
TER_0176.pdb,16.5468,-8.2790
TER_0177.pdb,15.1735,-14.2030
TER_0178.pdb,79.2595,0.0000
TER_0179.pdb,21.0615,-5.0270
TER_0180.pdb,12.0129,-18.1920
TER_0181.pdb,15.4351,-8.2440
TER_0182.pdb,31.4879,-7.9280
TER_0183.pdb,15.9659,-9.1340
TER_0184.pdb,12.8286,-17.5930
TER_0185.pdb,13.3950,-17.4890
TER_0186.pdb,16.7836,-9.2430
TER_0187.pdb,15.6477,-10.8840
TER_0188.pdb,25.8036,-8.7690
TER_0189.pdb,24.1341,-11.7060
TER_0190.pdb,14.2924,-7.4170
TER_0191.pdb,17.8361,-10.6750
TER_0192.pdb,21.8955,-17.0710
TER_0193.pdb,16.2407,-11.0990
TER_0194.pdb,14.4779,-15.8120
TER_0195.pdb,23.4399,-13.4150
TER_0196.pdb,22.3929,-13.5660
TER_0197.pdb,15.7359,-14.4460
TER_0198.pdb,13.5654,-14.6580
TER_0199.pdb,17.7763,-17.4830
TER_0200.pdb,21.9133,-11.4990
TER_0201.pdb,24.5747,-7.6520
TER_0202.pdb,10.5739,-10.8730
TER_0203.pdb,14.6473,-18.6900
TER_0204.pdb,12.9301,-10.7180
TER_0205.pdb,13.3127,-8.0990
TER_0206.pdb,20.4826,-0.0020
TER_0207.pdb,14.1556,-20.3320
TER_0208.pdb,15.8671,-14.7070
TER_0209.pdb,13.8832,-16.5820
TER_0210.pdb,19.1297,-6.6010
TER_0211.pdb,11.4083,-11.9600
TER_0212.pdb,14.8489,-13.0610
TER_0213.pdb,10.7485,-13.5300
TER_0214.pdb,16.0021,-9.7010
TER_0215.pdb,11.9969,-22.3910
TER_0216.pdb,13.0859,-5.7380
TER_0217.pdb,24.3104,-17.7220
TER_0218.pdb,12.7996,-18.3970
TER_0219.pdb,23.7490,-17.7540
TER_0220.pdb,27.0420,-0.0470
TER_0221.pdb,11.2667,-16.8190
TER_0222.pdb,20.2373,-11.9550
TER_0223.pdb,28.9798,-15.0980
TER_0224.pdb,14.8010,-16.1240
TER_0225.pdb,14.7120,-20.3780
TER_0226.pdb,17.1844,-13.2830
TER_0227.pdb,17.6594,-12.9300
TER_0228.pdb,18.7581,-9.8160
TER_0229.pdb,16.8945,-14.2810
TER_0230.pdb,14.6852,-16.7830
TER_0231.pdb,11.9394,-12.7820
TER_0232.pdb,14.9566,-11.1500
TER_0233.pdb,19.5256,-14.3380
TER_0234.pdb,26.6650,-8.5420
TER_0235.pdb,25.2973,-0.0010
TER_0236.pdb,13.5144,-14.9660
TER_0237.pdb,14.8672,-17.1760
TER_0238.pdb,11.1360,-9.3250
TER_0239.pdb,18.9141,-12.4620
TER_0240.pdb,10.8584,-10.3490
TER_0241.pdb,16.1781,-9.7290
TER_0242.pdb,13.5945,-14.9270
TER_0243.pdb,20.0065,-16.2220
TER_0244.pdb,17.4822,-20.6540
TER_0245.pdb,11.0988,-18.4980
TER_0246.pdb,16.0711,-10.0290
TER_0247.pdb,26.5308,-12.2620
TER_0248.pdb,11.1219,-10.8750
TER_0249.pdb,14.6633,-12.5240
TER_0250.pdb,48.9830,0.0000
TER_0251.pdb,23.4412,-0.4210
TER_0252.pdb,15.4081,-11.5720
TER_0253.pdb,23.5601,-6.5370
TER_0254.pdb,12.8676,-12.2920
TER_0255.pdb,21.9929,-6.3860
TER_0256.pdb,21.1231,-8.0630
TER_0257.pdb,20.9267,-18.4790
TER_0258.pdb,15.2510,-14.1390
TER_0259.pdb,16.7013,-14.3340
TER_0260.pdb,15.9332,-15.4460
TER_0261.pdb,15.2145,-13.4510
TER_0262.pdb,18.9410,-8.1930
TER_0263.pdb,12.9516,-11.8170
TER_0264.pdb,13.4078,-8.7970
TER_0265.pdb,13.4668,-11.7410
TER_0266.pdb,24.8811,-6.0780
TER_0267.pdb,16.6756,-12.9730
TER_0268.pdb,16.7834,-7.3780
TER_0269.pdb,16.8546,-7.9040
TER_0270.pdb,12.2540,-11.2750
TER_0271.pdb,13.3052,-12.0570
TER_0272.pdb,16.2582,-7.4420
TER_0273.pdb,12.2963,-10.0610
TER_0274.pdb,21.0375,-3.2480
TER_0275.pdb,27.7463,-0.3500
TER_0276.pdb,17.6979,-12.5720
TER_0277.pdb,21.7437,-6.9080
TER_0278.pdb,13.5674,-14.2680
TER_0279.pdb,12.4131,-9.7010
TER_0280.pdb,22.1374,-7.5280
TER_0281.pdb,16.0794,-11.6830
TER_0282.pdb,15.7298,-8.1910
TER_0283.pdb,23.8790,-20.3310
TER_0284.pdb,18.7686,-21.9100
TER_0285.pdb,15.4545,-9.9960
TER_0286.pdb,21.8861,-12.8600
TER_0287.pdb,15.7748,-14.6060
TER_0288.pdb,12.2595,-11.6370
TER_0289.pdb,25.3483,-10.3690
TER_0290.pdb,24.7093,-9.7200
TER_0291.pdb,15.1420,-20.5860
TER_0292.pdb,17.6746,-13.4370
TER_0293.pdb,14.2174,-17.2860
TER_0294.pdb,27.3268,-0.1300
TER_0295.pdb,13.3008,-14.5530
TER_0296.pdb,24.1780,-7.9070
TER_0297.pdb,13.2672,-7.1110
TER_0298.pdb,20.1751,-7.3500
TER_0299.pdb,11.9254,-11.8890
TER_0300.pdb,14.9628,-11.4220
TER_0301.pdb,36.4126,-12.6690
TER_0302.pdb,14.1531,-17.0570
TER_0303.pdb,14.5497,-15.7780
TER_0304.pdb,20.1915,-15.9100
TER_0305.pdb,20.8699,-7.9050
TER_0306.pdb,21.1930,-6.4960
TER_0307.pdb,14.4651,-16.4150
TER_0308.pdb,17.8083,-11.5940
TER_0309.pdb,14.2717,-11.3030
TER_0310.pdb,23.2017,-1.6060
TER_0311.pdb,11.5440,-16.5660
TER_0312.pdb,21.9159,-15.7740
TER_0313.pdb,13.5164,-11.2990
TER_0314.pdb,24.6271,-9.5230
TER_0315.pdb,14.2843,-14.6960
TER_0316.pdb,11.4727,-18.7480
TER_0317.pdb,31.4402,-8.3230
TER_0318.pdb,15.3689,-15.3870
TER_0319.pdb,12.9927,-11.8870
TER_0320.pdb,16.2735,-16.9710
TER_0321.pdb,24.1822,-7.2400
TER_0322.pdb,19.5749,-16.5000
TER_0323.pdb,10.5654,-17.5750
TER_0324.pdb,11.4182,-15.4120
TER_0325.pdb,20.5213,-10.2520
TER_0326.pdb,12.7061,-10.5260
TER_0327.pdb,17.9728,-16.0630
TER_0328.pdb,15.6328,-9.5690
TER_0329.pdb,21.4246,-12.5630
TER_0330.pdb,17.1942,-11.7620
TER_0331.pdb,21.1340,-13.8850
TER_0332.pdb,27.8469,-9.7280
TER_0333.pdb,13.8040,-10.0620
TER_0334.pdb,21.2580,-6.2140
TER_0335.pdb,23.2822,-13.6350
TER_0336.pdb,14.1687,-15.9390
TER_0337.pdb,14.0019,-13.9020
TER_0338.pdb,24.6416,-5.7420
TER_0339.pdb,15.4282,-6.7530
TER_0340.pdb,20.2415,-8.9440
TER_0341.pdb,18.1813,-19.8380
TER_0342.pdb,24.7414,-18.6040
TER_0343.pdb,14.8752,-17.8180
TER_0344.pdb,15.3689,-4.5170
TER_0345.pdb,12.5730,-12.4800
TER_0346.pdb,15.3816,-11.5060
TER_0347.pdb,14.6853,-11.6570
TER_0348.pdb,40.3267,0.0000
TER_0349.pdb,17.0901,-13.3740
TER_0350.pdb,11.6118,-13.6870
TER_0351.pdb,17.4547,-4.0820
TER_0352.pdb,18.9040,-9.8520
TER_0353.pdb,10.9521,-7.7050
TER_0354.pdb,17.6982,-12.8580
TER_0355.pdb,18.3622,-12.3770
TER_0356.pdb,12.1482,-13.7250
TER_0357.pdb,11.3874,-14.1780
TER_0358.pdb,18.8179,-1.7590
TER_0359.pdb,11.4034,-10.2630
TER_0360.pdb,13.3104,-14.2970
TER_0361.pdb,24.4835,0.0000
TER_0362.pdb,12.1912,-8.6370
TER_0363.pdb,16.9914,-9.5870
TER_0364.pdb,13.5459,-13.5850
TER_0365.pdb,15.5463,-8.4920
TER_0366.pdb,19.3750,-9.5130
TER_0367.pdb,15.9344,-13.8640
TER_0368.pdb,22.3753,-11.2730
TER_0369.pdb,21.8634,-17.3720
TER_0370.pdb,14.0642,-15.5320
TER_0371.pdb,14.7491,-9.5980
TER_0372.pdb,16.0277,-16.1230
TER_0373.pdb,14.9999,-12.2180
TER_0374.pdb,12.8305,-16.4000
TER_0375.pdb,15.6650,-11.2900
TER_0376.pdb,16.5103,-5.7320
TER_0377.pdb,18.2191,-11.9630
TER_0378.pdb,16.0668,-15.0030
TER_0379.pdb,13.8350,-25.8260
TER_0380.pdb,95.9572,0.0000
TER_0381.pdb,14.2479,-13.1920
TER_0382.pdb,16.9699,-12.7500
TER_0383.pdb,11.2382,-10.7160
TER_0384.pdb,19.5338,-10.0960
TER_0385.pdb,26.5003,-1.2590
TER_0386.pdb,21.2029,-19.1650
TER_0387.pdb,16.4653,-16.0920
TER_0388.pdb,20.4501,-5.5040
TER_0389.pdb,14.7486,-12.4380
TER_0390.pdb,13.7828,-16.5530
TER_0391.pdb,16.9721,-12.0690
TER_0392.pdb,22.9050,-11.8990
TER_0393.pdb,17.4575,-15.8000
TER_0394.pdb,17.9750,-10.9520
TER_0395.pdb,18.1235,-26.4910
TER_0396.pdb,12.4189,-8.6030
TER_0397.pdb,10.5149,-7.2920
TER_0398.pdb,17.8393,-12.1510
TER_0399.pdb,14.8486,-19.0960
TER_0400.pdb,19.9217,-14.4620
TER_0401.pdb,14.6836,-11.1070
TER_0402.pdb,15.8792,-13.3820
TER_0403.pdb,18.4189,-16.6060
TER_0404.pdb,16.3223,-9.5050
TER_0405.pdb,20.3035,-0.0580
TER_0406.pdb,26.8667,-18.9160
TER_0407.pdb,19.5307,-6.8600
TER_0408.pdb,13.2244,-1.5010
TER_0409.pdb,22.6383,-6.6410
TER_0410.pdb,19.5157,-10.9240
TER_0411.pdb,17.7861,-12.1990
TER_0412.pdb,14.1736,-12.4420
TER_0413.pdb,16.4827,-9.3670
TER_0414.pdb,20.4340,-12.0460
TER_0415.pdb,18.1503,-13.7610
TER_0416.pdb,16.2478,-13.8630
TER_0417.pdb,15.3848,-11.8570
TER_0418.pdb,11.8920,-14.6090
TER_0419.pdb,13.5774,-13.0730
TER_0420.pdb,12.1669,-23.3220
TER_0421.pdb,15.8872,-4.6910
TER_0422.pdb,11.7049,-14.6380
TER_0423.pdb,21.4073,-19.0550
TER_0424.pdb,21.6546,-12.4210
TER_0425.pdb,13.2503,-4.5050
TER_0426.pdb,16.1077,-8.2150
TER_0427.pdb,23.2424,-3.3580
TER_0428.pdb,10.1697,-20.9290
TER_0429.pdb,19.6198,-6.6580
TER_0430.pdb,21.6087,-12.0510
TER_0431.pdb,10.3375,-12.1510
TER_0432.pdb,18.7028,-1.5570
TER_0433.pdb,21.5911,-12.5210
TER_0434.pdb,11.4542,-16.7220
TER_0435.pdb,20.1799,-14.5230
TER_0436.pdb,15.2331,-13.3960
TER_0437.pdb,15.2429,-10.4480
TER_0438.pdb,21.3230,-6.8200
TER_0439.pdb,9.8219,-14.4460
TER_0440.pdb,33.6988,-3.7370
TER_0441.pdb,17.0632,-7.7040
TER_0442.pdb,14.3577,-14.8750
TER_0443.pdb,13.3775,-14.5920
TER_0444.pdb,29.4697,-7.0590
TER_0445.pdb,16.6354,-11.5430
TER_0446.pdb,12.7308,-14.2260
TER_0447.pdb,19.6826,-12.4070
TER_0448.pdb,15.5544,-9.9080
TER_0449.pdb,13.1122,-15.3800
TER_0450.pdb,11.7097,-9.2560
TER_0451.pdb,63.2035,0.0000
TER_0452.pdb,14.6280,-12.8560
TER_0453.pdb,14.7545,-7.4710
TER_0454.pdb,13.0448,-14.0160
TER_0455.pdb,12.0944,-20.0520
TER_0456.pdb,20.9519,-14.1520
TER_0457.pdb,16.1328,-10.9750
TER_0458.pdb,26.1089,-11.6630
TER_0459.pdb,16.6782,-12.7700
TER_0460.pdb,14.6749,-19.6670
TER_0461.pdb,16.2481,-14.8810
TER_0462.pdb,20.8172,-7.9140
TER_0463.pdb,20.1602,-14.1320
TER_0464.pdb,17.6590,-13.3800
TER_0465.pdb,20.2663,-7.5480
TER_0466.pdb,14.5738,-10.1220
TER_0467.pdb,22.9951,-11.6820
TER_0468.pdb,26.9350,-1.6320
TER_0469.pdb,18.3906,-15.6390
TER_0470.pdb,13.4406,-12.7880
TER_0471.pdb,12.0113,-14.8720
TER_0472.pdb,16.6626,-15.1780
TER_0473.pdb,19.6818,-16.8770
TER_0474.pdb,34.8648,0.0000
TER_0475.pdb,12.4484,-16.0010
TER_0476.pdb,15.2815,-12.3930
TER_0477.pdb,15.4335,-17.8760
TER_0478.pdb,14.0493,-6.4520
TER_0479.pdb,15.8187,-7.2940
TER_0480.pdb,14.2585,-9.6880
TER_0481.pdb,21.6638,-10.3460
TER_0482.pdb,16.2203,-19.4220
TER_0483.pdb,13.9989,-11.2430
TER_0484.pdb,22.4320,-10.3430
TER_0485.pdb,37.4522,0.0000
TER_0486.pdb,26.2176,-0.3570
TER_0487.pdb,13.1778,-11.0690
TER_0488.pdb,13.9031,-14.1920
TER_0489.pdb,11.1212,-6.9370
TER_0490.pdb,20.1882,-8.3820
TER_0491.pdb,13.6631,-1.5760
TER_0492.pdb,20.2723,-14.0080
TER_0493.pdb,15.9678,-12.2560
TER_0494.pdb,15.2615,-12.5390
TER_0495.pdb,21.5886,-5.2310
TER_0496.pdb,16.9774,-7.8470
TER_0497.pdb,11.5452,-14.1980
TER_0498.pdb,11.6923,-10.7010
TER_0499.pdb,14.9041,-10.1800
TER_0500.pdb,13.8933,-14.8020
TER_0501.pdb,24.4834,-5.0340
TER_0502.pdb,14.3030,-13.3570
TER_0503.pdb,15.5615,-8.8380
TER_0504.pdb,17.4337,-14.3410
TER_0505.pdb,12.3105,-8.9900
TER_0506.pdb,52.3734,0.0000
TER_0507.pdb,20.0881,-9.5130
TER_0508.pdb,17.8570,-12.0100
TER_0509.pdb,11.9934,-11.0360
TER_0510.pdb,11.0809,-12.3760
TER_0511.pdb,22.8738,-0.2780
TER_0512.pdb,20.6301,-7.8310
TER_0513.pdb,12.0730,-7.1830
TER_0514.pdb,22.1941,-9.2130
TER_0515.pdb,14.6056,-19.3080
TER_0516.pdb,18.8108,-10.5190
TER_0517.pdb,28.8481,0.0000
TER_0518.pdb,23.7183,-9.7150
TER_0519.pdb,14.7598,-19.7350
TER_0520.pdb,28.1140,-18.7570
TER_0521.pdb,19.2740,-16.5830
TER_0522.pdb,21.2678,-2.2840
TER_0523.pdb,14.8242,-16.1170
TER_0524.pdb,14.2112,-10.3350
TER_0525.pdb,20.7154,-9.8540
TER_0526.pdb,17.1060,-16.1710
TER_0527.pdb,23.5183,-6.9930
TER_0528.pdb,22.5020,-8.6860
TER_0529.pdb,11.4132,-10.0330
TER_0530.pdb,19.1607,-4.6350
TER_0531.pdb,12.1355,-9.6550
TER_0532.pdb,19.7899,-16.4950
TER_0533.pdb,21.2444,-18.0210
TER_0534.pdb,20.9159,-13.9910
TER_0535.pdb,15.8808,-16.6490
TER_0536.pdb,14.6034,-15.7370
TER_0537.pdb,13.4566,-12.2510
TER_0538.pdb,12.3146,-9.7090
TER_0539.pdb,18.0587,-12.9630
TER_0540.pdb,17.9149,-13.3020
TER_0541.pdb,17.5334,-3.9080
TER_0542.pdb,14.4208,-13.8430
TER_0543.pdb,14.5627,-18.5900
TER_0544.pdb,19.3870,-12.8600
TER_0545.pdb,17.3869,-12.6560
TER_0546.pdb,14.3327,-5.6210
TER_0547.pdb,25.6737,-8.6490
TER_0548.pdb,35.5900,-7.6590
TER_0549.pdb,11.7417,-13.7810
TER_0550.pdb,28.2517,-16.8520
TER_0551.pdb,13.5945,-14.3820
TER_0552.pdb,25.3814,-20.7440
TER_0553.pdb,44.0642,-0.2800
TER_0554.pdb,11.5574,-17.0590
TER_0555.pdb,11.6510,-14.6640
TER_0556.pdb,18.5602,-8.6550
TER_0557.pdb,23.8921,-5.0070
TER_0558.pdb,20.6079,-15.0560
TER_0559.pdb,11.4355,-7.1880
TER_0560.pdb,14.7268,-14.5510
TER_0561.pdb,18.5517,-1.9380
TER_0562.pdb,16.7105,-10.0660
TER_0563.pdb,19.3072,-14.2150
TER_0564.pdb,20.8913,-9.4800
TER_0565.pdb,12.4605,-10.4130
TER_0566.pdb,13.4727,-12.6580
TER_0567.pdb,13.1930,-8.9720
TER_0568.pdb,24.3627,-11.8090
TER_0569.pdb,14.9820,-17.1260
TER_0570.pdb,26.7150,-5.8260
TER_0571.pdb,13.6492,-12.8200
TER_0572.pdb,14.3682,-13.5020
TER_0573.pdb,27.1760,-6.0360
TER_0574.pdb,24.3651,-12.2910
TER_0575.pdb,22.8568,-12.0450
TER_0576.pdb,14.0400,-12.8460
TER_0577.pdb,44.2398,0.0000
TER_0578.pdb,20.9804,-12.4630
TER_0579.pdb,14.9138,-11.8920
TER_0580.pdb,13.1715,-11.5670
TER_0581.pdb,15.4110,-15.6420
TER_0582.pdb,16.6743,-21.5480
TER_0583.pdb,15.1791,-13.2830
TER_0584.pdb,23.3383,-3.9320
TER_0585.pdb,16.3387,-17.5000
TER_0586.pdb,19.0090,-6.4040
TER_0587.pdb,16.3116,-10.5570
TER_0588.pdb,16.3758,-14.8950
TER_0589.pdb,32.1761,-8.4500
TER_0590.pdb,11.2531,-11.5280
TER_0591.pdb,16.6809,-13.9770
TER_0592.pdb,14.8297,-11.4650
TER_0593.pdb,16.8929,-10.8620
TER_0594.pdb,24.6474,-8.1720
TER_0595.pdb,23.7254,-7.8400
TER_0596.pdb,11.2625,-17.2050
TER_0597.pdb,17.7819,-9.5660
TER_0598.pdb,13.3846,-11.5140
TER_0599.pdb,16.3089,-13.1150
TER_0600.pdb,13.0143,-16.1450
TER_0601.pdb,11.5820,-16.8330
TER_0602.pdb,19.9305,-7.3920
TER_0603.pdb,17.7585,-14.0310
TER_0604.pdb,19.0445,-8.3160
TER_0605.pdb,18.8634,-15.0740
TER_0606.pdb,20.9703,-14.0210
TER_0607.pdb,20.8361,-8.9320
TER_0608.pdb,18.8563,-9.2070
TER_0609.pdb,11.8252,-17.0040
TER_0610.pdb,14.2620,-15.7920
TER_0611.pdb,24.4681,-8.3740
TER_0612.pdb,11.9752,-17.3750
TER_0613.pdb,11.3989,-11.9050
TER_0614.pdb,12.0861,-12.2810
TER_0615.pdb,23.1046,-9.5180
TER_0616.pdb,18.1651,-12.0030
TER_0617.pdb,16.5794,-12.1350
TER_0618.pdb,22.2767,-11.5550
TER_0619.pdb,19.1239,-7.9080
TER_0620.pdb,14.7684,-20.9080
TER_0621.pdb,23.0836,-6.7920
TER_0622.pdb,17.1756,0.0000
TER_0623.pdb,27.0725,-17.2840
TER_0624.pdb,10.3942,-12.8260
TER_0625.pdb,29.8750,0.0000
TER_0626.pdb,17.8280,-9.6810
TER_0627.pdb,14.1709,-8.3780
TER_0628.pdb,16.7366,-16.0590
TER_0629.pdb,19.9105,-11.7170
TER_0630.pdb,12.0488,-14.0280
TER_0631.pdb,10.8685,-17.1150
TER_0632.pdb,15.1869,-15.8840
TER_0633.pdb,11.3059,-13.6410
TER_0634.pdb,22.3864,-9.5170
TER_0635.pdb,12.1442,-15.7200
TER_0636.pdb,23.9907,-17.1180
TER_0637.pdb,13.8350,-16.3010
TER_0638.pdb,17.0266,-10.9340
TER_0639.pdb,25.1896,-4.1290
TER_0640.pdb,22.4538,-1.7810
TER_0641.pdb,28.2868,-4.9210
TER_0642.pdb,16.9534,-7.4900
TER_0643.pdb,18.0909,-7.4550
TER_0644.pdb,22.1506,-11.3460
TER_0645.pdb,15.7746,-9.4250
TER_0646.pdb,13.4001,-14.0070
TER_0647.pdb,15.3624,-15.1810
TER_0648.pdb,24.1062,-3.3500
TER_0649.pdb,23.1454,-4.9110
TER_0650.pdb,21.7247,-12.0690
TER_0651.pdb,16.2634,-6.1100
TER_0652.pdb,21.6790,-12.5020
TER_0653.pdb,14.2975,-10.3160
TER_0654.pdb,18.1937,-11.5510
TER_0655.pdb,33.1531,0.0000
TER_0656.pdb,18.2030,-12.3700
TER_0657.pdb,13.0860,-12.5200
TER_0658.pdb,24.2574,-3.6420
TER_0659.pdb,19.1062,-9.0450
TER_0660.pdb,13.1958,-12.7490
TER_0661.pdb,12.5630,-2.2710
TER_0662.pdb,12.3734,-4.4770
TER_0663.pdb,11.4742,-12.1150
TER_0664.pdb,14.3613,-12.3880
TER_0665.pdb,22.6443,-2.7480
TER_0666.pdb,15.7194,-6.8310
TER_0667.pdb,14.4434,-8.7170
TER_0668.pdb,19.4459,-13.8150
TER_0669.pdb,15.8141,-18.8720
TER_0670.pdb,13.9690,-12.0490
TER_0671.pdb,26.6931,-5.0100
TER_0672.pdb,19.0887,-17.4680
TER_0673.pdb,19.7193,-10.6930
TER_0674.pdb,22.1310,-3.7820
TER_0675.pdb,19.5923,-6.8190
TER_0676.pdb,28.6973,-2.6020
TER_0677.pdb,29.0069,-15.0180
TER_0678.pdb,11.7677,-17.2360
TER_0679.pdb,21.5558,-16.0350
TER_0680.pdb,15.0011,-14.4820
TER_0681.pdb,31.4799,-2.5550
TER_0682.pdb,11.4410,-13.3620
TER_0683.pdb,15.2682,-9.9760
TER_0684.pdb,17.6989,-13.5740
TER_0685.pdb,18.3352,-11.7570
TER_0686.pdb,11.2312,-9.0600
TER_0687.pdb,10.8101,-7.7820
TER_0688.pdb,83.5986,0.0000
TER_0689.pdb,15.1996,-13.5500
TER_0690.pdb,24.2796,-19.0980
TER_0691.pdb,25.0145,-13.1040
TER_0692.pdb,12.4797,-9.7360
TER_0693.pdb,34.9355,0.0000
TER_0694.pdb,18.7044,-2.0840
TER_0695.pdb,9.6164,-12.9300
TER_0696.pdb,14.6642,-6.9000
TER_0697.pdb,15.6945,-13.3960
TER_0698.pdb,15.9097,-10.6870
TER_0699.pdb,20.7977,-14.0960
TER_0700.pdb,27.2259,-2.1120
TER_0701.pdb,17.3043,-12.5260
TER_0702.pdb,18.8569,-6.6150
TER_0703.pdb,20.2718,-6.4490
TER_0704.pdb,20.5397,-9.7740
TER_0705.pdb,23.3377,-12.5720
TER_0706.pdb,28.8354,-0.1990
TER_0707.pdb,20.0174,-9.3640
TER_0708.pdb,43.9789,-8.5130
TER_0709.pdb,15.0836,-15.3620
TER_0710.pdb,21.5729,-10.6850
TER_0711.pdb,21.0188,-14.8220
TER_0712.pdb,25.7692,-5.7790
TER_0713.pdb,19.1606,-13.5780
TER_0714.pdb,16.1553,-11.4480
TER_0715.pdb,17.9461,-10.6710
TER_0716.pdb,51.1826,0.0000
TER_0717.pdb,14.4320,-11.7250
TER_0718.pdb,20.4037,-13.1870
TER_0719.pdb,17.0696,-3.8410
TER_0720.pdb,31.6868,-11.0410
TER_0721.pdb,15.7010,-7.1240
TER_0722.pdb,15.6883,-12.4300
TER_0723.pdb,14.9827,-7.1660
TER_0724.pdb,18.4590,-2.3530
TER_0725.pdb,17.1864,-14.3120
TER_0726.pdb,16.5909,-27.7460
TER_0727.pdb,15.8559,-14.1030
TER_0728.pdb,19.7387,-8.2270
TER_0729.pdb,11.0969,-19.4710
TER_0730.pdb,13.4238,-6.7290
TER_0731.pdb,14.1558,-10.5110
TER_0732.pdb,19.2862,-8.9980
TER_0733.pdb,22.6626,-7.6700
TER_0734.pdb,29.7297,-0.3880
TER_0735.pdb,16.2219,-10.4710
TER_0736.pdb,11.8784,-13.9930
TER_0737.pdb,17.2491,-12.0720
TER_0738.pdb,18.3943,-13.5630
TER_0739.pdb,9.4824,-13.6060
TER_0740.pdb,11.3553,-13.9400
TER_0741.pdb,11.7042,-17.5400
TER_0742.pdb,35.0652,0.0000
TER_0743.pdb,24.7344,-1.4060
TER_0744.pdb,19.0857,-11.3740
TER_0745.pdb,23.9565,-8.7690
TER_0746.pdb,13.9166,-10.7520
TER_0747.pdb,15.0621,-9.2840
TER_0748.pdb,13.0957,-16.2610
TER_0749.pdb,12.0666,-12.0860
TER_0750.pdb,13.9649,-8.8430
TER_0751.pdb,15.0156,-13.7660
TER_0752.pdb,30.9510,-3.2290
TER_0753.pdb,14.9517,-15.9770
TER_0754.pdb,17.4250,-12.6910
TER_0755.pdb,10.9218,-10.9800
TER_0756.pdb,18.6850,-8.1360
TER_0757.pdb,16.3900,-11.3200
TER_0758.pdb,23.5056,-11.2140
TER_0759.pdb,15.5129,-9.6310
TER_0760.pdb,16.6924,-5.9210
TER_0761.pdb,24.7570,-3.6560
TER_0762.pdb,21.0517,-20.4790
TER_0763.pdb,20.5729,-10.7820
TER_0764.pdb,18.5716,-14.3250
TER_0765.pdb,28.3468,-4.9510
TER_0766.pdb,16.5343,-9.2340
TER_0767.pdb,18.5715,-13.1830
TER_0768.pdb,19.2281,-7.3480
TER_0769.pdb,14.8427,-14.3380
TER_0770.pdb,28.8733,0.0000
TER_0771.pdb,18.5154,-15.7470
TER_0772.pdb,15.4838,-11.0570
TER_0773.pdb,17.0912,-9.8610
TER_0774.pdb,29.3432,-14.1890
TER_0775.pdb,15.0291,-10.2630
TER_0776.pdb,20.5259,-3.8680
TER_0777.pdb,24.5323,-11.1040
TER_0778.pdb,13.1480,-10.3660
TER_0779.pdb,16.7773,-15.4640
TER_0780.pdb,12.7102,-16.4410
TER_0781.pdb,19.5130,-4.6750
TER_0782.pdb,16.8658,-13.5250
TER_0783.pdb,18.7746,-18.6040
TER_0784.pdb,11.4467,-14.0030
TER_0785.pdb,41.6978,0.0000
TER_0786.pdb,17.5881,-11.0620
TER_0787.pdb,20.6075,0.0000
TER_0788.pdb,150.0038,0.0000
TER_0789.pdb,11.4283,-12.8600
TER_0790.pdb,30.5226,-7.0300
TER_0791.pdb,18.3659,-17.9400
TER_0792.pdb,22.0730,-10.1930
TER_0793.pdb,22.3080,-0.9980
TER_0794.pdb,12.2420,-10.5670
TER_0795.pdb,10.9033,-10.1500
TER_0796.pdb,20.3589,-2.5280
TER_0797.pdb,17.4045,-8.8210
TER_0798.pdb,26.1097,-5.1770
TER_0799.pdb,20.8614,-7.2500
TER_0800.pdb,21.6143,-3.3940
TER_0801.pdb,17.4267,-7.2400
TER_0802.pdb,43.5775,-3.1120
TER_0803.pdb,24.0717,-10.7050
TER_0804.pdb,11.5294,-13.0140
TER_0805.pdb,20.7400,-15.7590
TER_0806.pdb,18.2872,-6.5310
TER_0807.pdb,22.6241,-10.3640
TER_0808.pdb,13.0367,-14.0700
TER_0809.pdb,24.2223,-3.2980
TER_0810.pdb,11.2223,-13.7530
TER_0811.pdb,14.5556,-14.5480
TER_0812.pdb,14.3961,-11.3890
TER_0813.pdb,15.9477,-7.6410
TER_0814.pdb,39.2486,0.0000
TER_0815.pdb,11.2882,-9.2360
TER_0816.pdb,17.3518,-15.1340
TER_0817.pdb,19.7389,-6.3630
TER_0818.pdb,14.6835,-16.3590
TER_0819.pdb,17.6727,-9.4820
TER_0820.pdb,31.4086,-0.2460
TER_0821.pdb,33.4036,-5.1950
TER_0822.pdb,16.5434,-10.9340
TER_0823.pdb,32.6487,-0.2350
TER_0824.pdb,14.3025,-13.5620
TER_0825.pdb,17.0478,-8.1620
TER_0826.pdb,17.7480,-3.7710
TER_0827.pdb,16.5143,-10.8390
TER_0828.pdb,14.2852,-10.3770
TER_0829.pdb,25.0107,-2.8890
TER_0830.pdb,21.8716,-12.2380
TER_0831.pdb,15.0006,-15.4390
TER_0832.pdb,13.6442,-16.6270
TER_0833.pdb,12.5607,-5.5120
TER_0834.pdb,21.2521,-12.9100
TER_0835.pdb,21.2562,-10.5300
TER_0836.pdb,22.1768,-1.3790
TER_0837.pdb,14.3865,-15.0940
TER_0838.pdb,11.0580,-10.1250
TER_0839.pdb,20.5362,-16.6410
TER_0840.pdb,19.9246,-19.6250
TER_0841.pdb,15.6949,-8.2260
TER_0842.pdb,19.1613,-16.5010
TER_0843.pdb,14.8765,-12.6430
TER_0844.pdb,10.4971,-21.0810
TER_0845.pdb,16.0036,-12.0670
TER_0846.pdb,16.6591,-8.4360
TER_0847.pdb,26.0457,-12.4580
TER_0848.pdb,21.4794,-8.3920
TER_0849.pdb,21.4420,-13.3480
TER_0850.pdb,13.1159,-19.8410
TER_0851.pdb,21.8395,-2.9540
TER_0852.pdb,17.8035,-10.1020
TER_0853.pdb,12.3586,-20.0350
TER_0854.pdb,17.8692,-8.6720
TER_0855.pdb,21.6725,-10.9710
TER_0856.pdb,32.3160,-0.2820
TER_0857.pdb,21.5872,-12.2990
TER_0858.pdb,20.1009,-17.3970
TER_0859.pdb,10.1202,-11.4450
TER_0860.pdb,58.9706,0.0000
TER_0861.pdb,24.0179,-18.5000
TER_0862.pdb,10.8641,-13.7120
TER_0863.pdb,37.9381,0.0000
TER_0864.pdb,13.2070,-17.5960
TER_0865.pdb,10.9597,-13.3710
TER_0866.pdb,11.7162,-6.2460
TER_0867.pdb,25.6138,-10.3940
TER_0868.pdb,12.1342,-17.9860
TER_0869.pdb,19.1918,-0.0920
TER_0870.pdb,17.2973,-12.6460
TER_0871.pdb,27.1850,-5.6930
TER_0872.pdb,14.5235,-18.2680
TER_0873.pdb,16.3640,-17.0610
TER_0874.pdb,67.6426,0.0000
TER_0875.pdb,15.4565,-12.2020
TER_0876.pdb,14.5751,-17.8520
TER_0877.pdb,12.6979,-11.8120
TER_0878.pdb,15.5735,-14.0920
TER_0879.pdb,23.4256,-8.7170
TER_0880.pdb,20.4155,-7.1950
TER_0881.pdb,13.9397,-14.4570
TER_0882.pdb,13.9112,-18.2280
TER_0883.pdb,21.4209,-8.1580
TER_0884.pdb,10.0101,-19.7950
TER_0885.pdb,24.1491,-11.9870
TER_0886.pdb,16.6795,-12.8250
TER_0887.pdb,24.0238,-15.9170
TER_0888.pdb,51.2569,0.0000
TER_0889.pdb,24.3252,-15.7490
TER_0890.pdb,37.8037,0.0000
TER_0891.pdb,26.9363,-6.0840
TER_0892.pdb,19.9252,-14.6020
TER_0893.pdb,11.4071,-18.2360
TER_0894.pdb,16.6085,-16.2420
TER_0895.pdb,17.8861,-11.6530
TER_0896.pdb,14.7910,-18.2140
TER_0897.pdb,12.3655,-13.3870
TER_0898.pdb,15.9250,-16.0350
TER_0899.pdb,21.7594,-16.0550
TER_0900.pdb,35.1760,-1.6150
TER_0901.pdb,15.5160,-13.4940
TER_0902.pdb,34.6575,-10.1760
TER_0903.pdb,18.2056,-12.9180
TER_0904.pdb,13.1400,-6.5790
TER_0905.pdb,22.1512,-9.2220
TER_0906.pdb,18.4095,-12.2100
TER_0907.pdb,16.2089,-6.5430
TER_0908.pdb,26.4721,-2.3370
TER_0909.pdb,26.1465,-0.0470
TER_0910.pdb,17.2575,-9.7350
TER_0911.pdb,11.9323,-10.6190
TER_0912.pdb,11.9058,-17.2180
TER_0913.pdb,19.8292,-11.4690
TER_0914.pdb,13.2677,-3.2810
TER_0915.pdb,16.4927,-6.2830
TER_0916.pdb,10.5434,-15.1530
TER_0917.pdb,12.3345,-10.1750
TER_0918.pdb,11.4645,-10.5700
TER_0919.pdb,16.5497,-16.5770
TER_0920.pdb,21.2395,-7.0320
TER_0921.pdb,16.5850,-23.2230
TER_0922.pdb,16.1976,-15.2210
TER_0923.pdb,15.8205,-8.8620
TER_0924.pdb,21.1926,-3.6930
TER_0925.pdb,12.4097,-10.2510
TER_0926.pdb,14.9219,-12.7900
TER_0927.pdb,56.9184,0.0000
TER_0928.pdb,10.7407,-15.2840
TER_0929.pdb,13.6215,-11.7520
TER_0930.pdb,11.2108,-17.1310
TER_0931.pdb,17.1544,-4.7510
TER_0932.pdb,13.3058,-12.6670
TER_0933.pdb,14.2568,-9.6810
TER_0934.pdb,24.7344,-8.3490
TER_0935.pdb,14.2296,-16.7560
TER_0936.pdb,23.9286,-8.7780
TER_0937.pdb,14.9711,-13.4560
TER_0938.pdb,14.1298,-10.8660
TER_0939.pdb,23.8090,-8.8050
TER_0940.pdb,16.0362,-9.9750
TER_0941.pdb,15.3130,-15.7820
TER_0942.pdb,20.0721,-19.4730
TER_0943.pdb,16.3728,-7.4470
TER_0944.pdb,19.8222,-9.9500
TER_0945.pdb,15.3213,-9.2380
TER_0946.pdb,14.4392,-10.0850
TER_0947.pdb,16.7102,-10.7240
TER_0948.pdb,37.4493,-6.3430
TER_0949.pdb,15.1901,-14.8190
TER_0950.pdb,14.6623,-11.7360
TER_0951.pdb,40.4294,0.0000
TER_0952.pdb,38.7664,0.0000
TER_0953.pdb,19.2985,-15.8960
TER_0954.pdb,20.9865,-7.1120
TER_0955.pdb,14.9301,-7.4990
TER_0956.pdb,46.3402,0.0000
TER_0957.pdb,15.8172,-15.3300
TER_0958.pdb,10.4323,-10.0610
TER_0959.pdb,21.1415,-15.2050
TER_0960.pdb,12.6899,-11.1980
TER_0961.pdb,10.7879,-27.0500
TER_0962.pdb,16.1515,-16.8470
TER_0963.pdb,21.2549,-10.7700
TER_0964.pdb,16.0737,-10.3620
TER_0965.pdb,18.9905,-9.5800
TER_0966.pdb,20.1456,-12.4310
TER_0967.pdb,15.9865,-8.8500
TER_0968.pdb,21.5021,-5.5240
TER_0969.pdb,23.7388,-6.7480
TER_0970.pdb,10.2380,-9.4690
TER_0971.pdb,15.0487,-9.1190
TER_0972.pdb,20.9890,-3.2910
TER_0973.pdb,19.6781,-14.4350
TER_0974.pdb,20.4995,-7.1510
TER_0975.pdb,13.9138,-8.2870
TER_0976.pdb,14.1010,-15.0700
TER_0977.pdb,11.2637,-11.2610
TER_0978.pdb,14.0238,-18.9170
TER_0979.pdb,14.0650,-12.5200
TER_0980.pdb,26.5566,-11.8880
TER_0981.pdb,24.2233,-10.3150
TER_0982.pdb,14.0865,-18.2210
TER_0983.pdb,20.2994,-2.5630
TER_0984.pdb,24.3845,-13.3630
TER_0985.pdb,23.4971,-15.3230
TER_0986.pdb,16.6673,-11.1940
TER_0987.pdb,21.0118,-8.7400
TER_0988.pdb,14.7343,-10.0810
TER_0989.pdb,17.3178,-9.1070
TER_0990.pdb,14.4774,-10.4410
TER_0991.pdb,17.4768,-11.4850
TER_0992.pdb,52.7610,-7.3790
TER_0993.pdb,20.4787,-11.4500
TER_0994.pdb,16.5773,-15.0320
TER_0995.pdb,15.6109,-15.0020
TER_0996.pdb,15.3302,-11.9610
TER_0997.pdb,19.7397,-11.9240
TER_0998.pdb,17.4406,-8.4350
TER_0999.pdb,16.1724,-11.7640
TER_1000.pdb,20.3816,-15.6080
TER_1001.pdb,12.5751,-9.7980
TER_1002.pdb,26.7396,-9.2260
TER_1003.pdb,14.6252,-8.9460
TER_1004.pdb,16.5841,-23.1210
TER_1005.pdb,22.1118,-12.2270
TER_1006.pdb,16.0865,-5.7390
TER_1007.pdb,13.4774,-5.9250
TER_1008.pdb,36.7083,0.0000
TER_1009.pdb,18.6361,-3.5820
TER_1010.pdb,16.1006,-20.8640
TER_1011.pdb,16.4328,-16.5980
TER_1012.pdb,31.6733,-13.1450
TER_1013.pdb,17.1203,-4.9310
TER_1014.pdb,15.8869,-15.0450
TER_1015.pdb,11.2475,-13.4500
TER_1016.pdb,21.8311,-3.2330
TER_1017.pdb,12.5173,-11.0350
TER_1018.pdb,21.6374,-12.7900
TER_1019.pdb,23.9317,-15.8650
TER_1020.pdb,20.1911,-10.9080
TER_1021.pdb,14.3404,-19.0890
TER_1022.pdb,15.0551,-15.8330
TER_1023.pdb,14.2911,-10.2290
TER_1024.pdb,19.9760,-6.0630
TER_1025.pdb,11.8264,-9.1150
TER_1026.pdb,10.5685,-10.0570
TER_1027.pdb,10.6873,-8.4220
TER_1028.pdb,12.7666,-16.4240
TER_1029.pdb,18.9540,-13.9210
TER_1030.pdb,20.3774,-5.6600
TER_1031.pdb,15.7069,-12.8860
TER_1032.pdb,28.0325,-0.1630
TER_1033.pdb,15.8394,-11.3520
TER_1034.pdb,12.7889,-11.4830
TER_1035.pdb,15.6072,-6.2990
TER_1036.pdb,18.2541,-10.8060
TER_1037.pdb,21.1975,-8.9490
TER_1038.pdb,13.4706,-20.4530
TER_1039.pdb,14.1428,-7.4810
TER_1040.pdb,12.0157,-10.2850
TER_1041.pdb,22.0271,-18.7190
TER_1042.pdb,26.8238,-12.9770
TER_1043.pdb,15.6945,-10.5640
TER_1044.pdb,17.0068,-8.1920
TER_1045.pdb,20.5294,-7.6240
TER_1046.pdb,16.5412,-4.6190
TER_1047.pdb,11.1549,-16.2180
TER_1048.pdb,22.3844,-9.1080
TER_1049.pdb,13.7325,-9.0720
TER_1050.pdb,17.2406,-11.1420
TER_1051.pdb,15.7717,-12.3460
TER_1052.pdb,17.7570,-11.0080
TER_1053.pdb,13.1024,-7.2000
TER_1054.pdb,16.2733,-9.7960
TER_1055.pdb,21.9618,-15.2900
TER_1056.pdb,21.0689,-8.4400
TER_1057.pdb,16.4395,-15.0130
TER_1058.pdb,19.4607,-17.1850
TER_1059.pdb,20.4045,-17.8500
TER_1060.pdb,11.3587,-11.5520
TER_1061.pdb,16.7302,-10.6820
TER_1062.pdb,17.7454,-13.3580
TER_1063.pdb,14.2470,-11.2010
TER_1064.pdb,13.7686,-13.4190
TER_1065.pdb,16.4135,-16.3720
TER_1066.pdb,9.8638,-12.6420
TER_1067.pdb,21.1826,-9.4390
TER_1068.pdb,12.2764,-11.6390
TER_1069.pdb,17.9125,-15.4500
TER_1070.pdb,22.4440,-1.5090
TER_1071.pdb,27.5347,-2.6830
TER_1072.pdb,22.9106,-18.9600
TER_1073.pdb,22.0264,-7.4970
TER_1074.pdb,23.3220,-10.6720
TER_1075.pdb,24.6328,-9.5220
TER_1076.pdb,16.9608,-17.6000
TER_1077.pdb,37.4827,0.0000
TER_1078.pdb,34.6205,0.0000
TER_1079.pdb,13.7238,-16.2390
TER_1080.pdb,16.8493,-18.7640
TER_1081.pdb,16.1978,-13.8400
TER_1082.pdb,17.0621,-10.8840
TER_1083.pdb,25.9432,-16.7020
TER_1084.pdb,14.7626,-14.9920
TER_1085.pdb,37.7718,0.0000
TER_1086.pdb,16.2402,-5.6840
TER_1087.pdb,28.8740,-4.2260
TER_1088.pdb,18.5658,-11.2030
TER_1089.pdb,22.2369,-8.9750
TER_1090.pdb,21.8376,-3.7350
TER_1091.pdb,18.8143,-4.1780
TER_1092.pdb,13.0309,-14.4700
TER_1093.pdb,10.6901,-17.1020
TER_1094.pdb,12.7394,-6.8760
TER_1095.pdb,12.3581,-12.6230
TER_1096.pdb,18.5318,-15.0670
TER_1097.pdb,19.7124,-10.3680
TER_1098.pdb,14.8040,-13.1940
TER_1099.pdb,15.5977,-10.9720
TER_1100.pdb,12.6111,-8.3230
TER_1101.pdb,32.0738,-0.1550
TER_1102.pdb,22.9175,-12.8850
TER_1103.pdb,10.8009,-10.1750
TER_1104.pdb,15.7615,-10.6530
TER_1105.pdb,11.2896,-14.4630
TER_1106.pdb,16.3610,-10.8320
TER_1107.pdb,15.8436,-9.2320
TER_1108.pdb,15.3977,-11.9040
TER_1109.pdb,15.1216,-10.4060
TER_1110.pdb,11.8466,-11.0470
TER_1111.pdb,12.4084,-9.7780
TER_1112.pdb,20.6421,-13.6230
TER_1113.pdb,15.4675,-10.6860
TER_1114.pdb,22.5334,-7.3070
TER_1115.pdb,25.2733,-0.3940
TER_1116.pdb,22.0458,-6.1400
TER_1117.pdb,13.1106,-9.3700
TER_1118.pdb,20.6503,-14.8060
TER_1119.pdb,20.9229,-12.6300
TER_1120.pdb,13.4170,-15.8530
TER_1121.pdb,11.6144,-10.8640
TER_1122.pdb,22.5041,-13.3120
TER_1123.pdb,14.9164,-19.4850
TER_1124.pdb,11.5266,-14.8060
TER_1125.pdb,24.5571,-6.4780
TER_1126.pdb,12.5316,-10.8100
TER_1127.pdb,13.3067,-11.6940
TER_1128.pdb,29.9217,-4.7080
TER_1129.pdb,19.4637,-7.5420
TER_1130.pdb,13.6859,-12.8720
TER_1131.pdb,16.1898,-9.4480
TER_1132.pdb,42.7773,-0.0980
TER_1133.pdb,16.9175,-11.7890
TER_1134.pdb,13.8460,-16.9530
TER_1135.pdb,15.3117,-6.8700
TER_1136.pdb,19.7010,-9.3210
TER_1137.pdb,16.9530,-8.1970
TER_1138.pdb,39.5005,-6.3230
TER_1139.pdb,13.3468,-8.4710
TER_1140.pdb,18.6436,-9.1790
TER_1141.pdb,24.0471,-6.0520
TER_1142.pdb,17.2769,-8.8380
TER_1143.pdb,22.0688,-9.1140
TER_1144.pdb,16.0453,-10.9660
TER_1145.pdb,18.2368,-12.1880
TER_1146.pdb,15.4853,-13.1350
TER_1147.pdb,14.5892,-15.6600
TER_1148.pdb,10.5568,-10.2000
TER_1149.pdb,14.8182,-19.1010
TER_1150.pdb,14.5873,-11.6700
TER_1151.pdb,16.3127,-17.8270
TER_1152.pdb,15.4183,-12.1560
TER_1153.pdb,22.9265,-11.8050
TER_1154.pdb,12.7933,-12.9010
TER_1155.pdb,16.8579,-11.1540
TER_1156.pdb,18.1889,-17.6820
TER_1157.pdb,11.0750,-14.0270
TER_1158.pdb,10.7412,-17.1980
TER_1159.pdb,21.4404,-11.1710
TER_1160.pdb,19.1459,-15.8130
TER_1161.pdb,27.1902,-4.1700
TER_1162.pdb,25.2989,-5.8880
TER_1163.pdb,18.0069,-11.1760
TER_1164.pdb,17.6419,-14.8720
TER_1165.pdb,16.6230,-16.0010
TER_1166.pdb,49.1033,0.0000
TER_1167.pdb,16.9905,-11.2520
TER_1168.pdb,16.4325,-7.2070
TER_1169.pdb,9.9034,-16.6040
TER_1170.pdb,26.3103,-10.6370
TER_1171.pdb,14.6826,-16.6040
TER_1172.pdb,10.8446,-11.2110
TER_1173.pdb,16.7054,-15.2650
TER_1174.pdb,21.6821,-11.0900
TER_1175.pdb,28.8841,-7.5430
TER_1176.pdb,15.4866,-6.8750
TER_1177.pdb,30.1166,-3.4620
TER_1178.pdb,14.4598,-10.7160
TER_1179.pdb,17.9561,-19.0940
TER_1180.pdb,14.3465,-8.0570
TER_1181.pdb,15.6046,-6.3990
TER_1182.pdb,23.9342,-6.4930
TER_1183.pdb,14.5415,-16.9030
TER_1184.pdb,10.8122,-11.1090
TER_1185.pdb,16.0960,-8.2700
TER_1186.pdb,22.8865,-8.2550
TER_1187.pdb,16.1673,-12.1220
TER_1188.pdb,15.6711,-13.1870
TER_1189.pdb,23.1251,-8.4990
TER_1190.pdb,13.1555,-14.1290
TER_1191.pdb,16.8906,-15.8330
TER_1192.pdb,9.5346,-16.3560
TER_1193.pdb,10.3785,-11.1380
TER_1194.pdb,16.1811,-10.7190
TER_1195.pdb,16.0122,-13.8950
TER_1196.pdb,15.3536,-15.2280
TER_1197.pdb,16.4716,-6.3650
TER_1198.pdb,20.0399,-7.4040
TER_1199.pdb,22.8408,-9.6900
TER_1200.pdb,16.5726,-5.0560
TER_1201.pdb,16.9257,-9.5290
TER_1202.pdb,16.0680,-9.8020
TER_1203.pdb,15.6024,-11.6460
TER_1204.pdb,17.1182,-10.7030
TER_1205.pdb,13.9134,-5.6450
TER_1206.pdb,11.9129,-23.4960
TER_1207.pdb,15.6622,-13.7380
TER_1208.pdb,30.6522,-0.0860
TER_1209.pdb,13.7566,-8.9390
TER_1210.pdb,21.0733,-12.2620
TER_1211.pdb,19.7784,-9.9560
TER_1212.pdb,19.7056,-11.7710
TER_1213.pdb,17.9439,-9.8200
TER_1214.pdb,13.7556,-14.4650
TER_1215.pdb,15.8426,-14.5180
TER_1216.pdb,15.1179,-10.9770
TER_1217.pdb,21.6426,-17.4190
TER_1218.pdb,11.8064,-18.9610
TER_1219.pdb,10.9903,-14.0660
TER_1220.pdb,15.4878,-15.0870
TER_1221.pdb,30.6632,-14.0520
TER_1222.pdb,31.5959,-8.7370
TER_1223.pdb,29.3011,-1.8820
TER_1224.pdb,23.9525,-11.4080
TER_1225.pdb,15.6025,-8.0240
TER_1226.pdb,11.8930,-13.4500
TER_1227.pdb,12.5815,-13.2440
TER_1228.pdb,13.8418,-15.1420
TER_1229.pdb,22.0415,-10.7770
TER_1230.pdb,20.6182,-9.8980
TER_1231.pdb,13.3578,-10.5790
TER_1232.pdb,18.2634,-12.1480
TER_1233.pdb,15.3834,-6.9450
TER_1234.pdb,11.7210,-13.0850
TER_1235.pdb,14.7809,-11.5490
TER_1236.pdb,14.7761,-11.7120
TER_1237.pdb,16.5451,-6.4000
TER_1238.pdb,14.8162,-15.1610
TER_1239.pdb,22.1920,-16.4780
TER_1240.pdb,11.2157,-10.9290
TER_1241.pdb,25.0000,-2.9930
TER_1242.pdb,11.5689,-12.4200
TER_1243.pdb,18.9231,-9.4660
TER_1244.pdb,18.5236,-7.9300
TER_1245.pdb,11.9059,-14.0570
TER_1246.pdb,15.7293,-15.7440
TER_1247.pdb,17.5549,-13.6310
TER_1248.pdb,21.1911,-6.3990
TER_1249.pdb,11.9606,-14.5940
TER_1250.pdb,22.3463,-6.8160
TER_1251.pdb,27.5304,-4.1170
TER_1252.pdb,23.2515,-19.7660
TER_1253.pdb,22.5364,-14.3380
TER_1254.pdb,14.0361,-11.3990
TER_1255.pdb,38.9895,0.0000
TER_1256.pdb,20.2829,-17.7120
TER_1257.pdb,16.4374,-11.3770
TER_1258.pdb,15.0166,-11.5310
TER_1259.pdb,15.4089,-10.2380
TER_1260.pdb,19.7934,-8.8890
TER_1261.pdb,17.6287,-8.1270
TER_1262.pdb,22.2432,-16.9380
TER_1263.pdb,21.5757,-2.8230
TER_1264.pdb,13.6347,-16.7220
TER_1265.pdb,15.9499,-12.4900
TER_1266.pdb,17.1259,-10.5850
TER_1267.pdb,13.1644,-12.3930
TER_1268.pdb,17.3010,-11.4800
TER_1269.pdb,16.2008,-18.4670
TER_1270.pdb,14.8898,-15.2250
TER_1271.pdb,12.9946,-15.4230
TER_1272.pdb,11.5459,-15.2420
TER_1273.pdb,13.4865,-13.4930
TER_1274.pdb,21.3807,-14.0930
TER_1275.pdb,24.9930,-8.0980
TER_1276.pdb,30.8836,-0.3140
TER_1277.pdb,11.6974,-13.3990
TER_1278.pdb,14.4318,-10.4140
TER_1279.pdb,21.6281,-14.0240
TER_1280.pdb,23.5121,-13.0940
TER_1281.pdb,13.5278,-12.7770
TER_1282.pdb,10.4704,-7.8740
TER_1283.pdb,16.9912,-11.4830
TER_1284.pdb,18.4052,-10.8880
TER_1285.pdb,17.5298,-10.1790
TER_1286.pdb,21.5077,-8.0650
TER_1287.pdb,15.7200,-9.6270
TER_1288.pdb,20.3165,-16.4540
TER_1289.pdb,23.8785,-0.0360
TER_1290.pdb,16.0641,-12.4320
TER_1291.pdb,16.1745,-15.1540
TER_1292.pdb,11.7163,-14.4020
TER_1293.pdb,16.3155,-8.3190
TER_1294.pdb,23.1813,-4.7630
TER_1295.pdb,14.6774,-12.0790
TER_1296.pdb,12.4984,-11.0080
TER_1297.pdb,16.5554,-21.2710
TER_1298.pdb,14.7565,-12.9840
TER_1299.pdb,18.0460,-14.3910
TER_1300.pdb,15.4323,-13.3460
TER_1301.pdb,22.7134,-10.4690
TER_1302.pdb,17.8669,-11.8610
TER_1303.pdb,11.8156,-8.3800
TER_1304.pdb,12.4566,-11.7750
TER_1305.pdb,13.8281,-12.1480
TER_1306.pdb,14.5707,-11.8930
TER_1307.pdb,11.6210,-9.5340
TER_1308.pdb,19.0080,-11.6490
TER_1309.pdb,29.3935,-1.6020
TER_1310.pdb,21.5873,-8.5030
TER_1311.pdb,24.5289,-4.7090
TER_1312.pdb,14.5676,-16.5300
TER_1313.pdb,22.4840,-6.2560
TER_1314.pdb,21.6540,-13.0160
TER_1315.pdb,22.8540,-8.9580
TER_1316.pdb,22.7068,-10.3560
TER_1317.pdb,23.8809,-13.1130
TER_1318.pdb,20.6397,-17.8730
TER_1319.pdb,12.4206,-9.4670
TER_1320.pdb,26.4026,-3.8650
TER_1321.pdb,12.7557,-19.5730
TER_1322.pdb,15.0701,-14.0530
TER_1323.pdb,16.1876,-19.0760
TER_1324.pdb,13.7651,-14.3890
TER_1325.pdb,13.5460,-12.8740
TER_1326.pdb,27.5344,-4.6620
TER_1327.pdb,21.2476,-6.9130
TER_1328.pdb,15.1217,-15.4120
TER_1329.pdb,12.5671,-8.4630
TER_1330.pdb,29.0111,-4.0800
TER_1331.pdb,24.2697,-3.6490
TER_1332.pdb,11.3416,-14.0270
TER_1333.pdb,15.5822,-12.1360
TER_1334.pdb,17.0481,-16.6940
TER_1335.pdb,18.0385,-3.1630
TER_1336.pdb,21.5781,-10.1900
TER_1337.pdb,20.8589,-18.9720
TER_1338.pdb,19.3033,-15.0950
TER_1339.pdb,12.7279,-19.3580
TER_1340.pdb,13.4053,-11.7800
TER_1341.pdb,19.9057,-12.8850
TER_1342.pdb,16.5721,-8.7510
TER_1343.pdb,19.1854,-8.3800
TER_1344.pdb,14.3694,-13.9190
TER_1345.pdb,10.3207,-12.7210
TER_1346.pdb,14.3415,-13.9630
TER_1347.pdb,19.0033,-2.6770
TER_1348.pdb,18.9191,-18.9010
TER_1349.pdb,21.4176,-20.0250
TER_1350.pdb,13.9437,-7.8500
TER_1351.pdb,18.9540,-13.8310
TER_1352.pdb,16.8431,-16.4850
TER_1353.pdb,15.3941,-15.6980
TER_1354.pdb,20.6115,-15.9880
TER_1355.pdb,21.2092,-11.1160
TER_1356.pdb,23.4462,-13.9490
TER_1357.pdb,146.3360,0.0000
TER_1358.pdb,14.4585,-19.3740
TER_1359.pdb,16.0803,-10.1820
TER_1360.pdb,18.3139,-9.1220
TER_1361.pdb,10.4665,-12.2460
TER_1362.pdb,15.0503,-16.7620
TER_1363.pdb,17.7540,-14.1350
TER_1364.pdb,16.6644,-12.0510
TER_1365.pdb,20.2210,-9.1590
TER_1366.pdb,12.9322,-13.7170
TER_1367.pdb,12.2524,-18.3520
TER_1368.pdb,20.7825,-12.2520
TER_1369.pdb,12.8403,-16.1560
TER_1370.pdb,22.0323,-6.4880
TER_1371.pdb,13.3884,-12.6190
TER_1372.pdb,15.4502,-1.8720
TER_1373.pdb,11.0441,-12.7850
TER_1374.pdb,44.8374,0.0000
TER_1375.pdb,20.2307,-11.0090
TER_1376.pdb,24.7141,-6.8050
TER_1377.pdb,12.0428,-12.4140
TER_1378.pdb,13.5357,-11.2850
TER_1379.pdb,13.1527,-19.9780
TER_1380.pdb,17.6490,-10.8430
TER_1381.pdb,17.4155,-4.1410
TER_1382.pdb,19.0879,-11.5250
TER_1383.pdb,15.2254,-11.3790
TER_1384.pdb,13.5940,-12.0090
TER_1385.pdb,16.6405,-9.6140
TER_1386.pdb,12.0348,-16.6770
TER_1387.pdb,19.4016,-17.3360
TER_1388.pdb,16.7551,-24.7260
TER_1389.pdb,13.7308,-7.5960
TER_1390.pdb,20.7728,-14.6130
TER_1391.pdb,13.9258,-13.0440
TER_1392.pdb,18.3456,-11.2050
TER_1393.pdb,14.7822,-11.7880
TER_1394.pdb,19.8569,-11.0590
TER_1395.pdb,23.3491,-7.4120
TER_1396.pdb,23.1437,-12.8060
TER_1397.pdb,14.4054,-12.2550
TER_1398.pdb,15.9458,-5.2000
TER_1399.pdb,23.6415,-6.9540
TER_1400.pdb,11.1522,-9.8550
TER_1401.pdb,18.5267,-12.6240
TER_1402.pdb,14.2304,-12.3940
TER_1403.pdb,23.2359,-0.0250
TER_1404.pdb,16.3788,-11.2310
TER_1405.pdb,22.4142,-8.3050
TER_1406.pdb,16.7787,-10.9010
TER_1407.pdb,18.2931,-8.3540
TER_1408.pdb,24.1352,-2.6530
TER_1409.pdb,16.5361,-9.6840
TER_1410.pdb,21.9583,-11.4150
TER_1411.pdb,11.3672,-15.0720
TER_1412.pdb,12.1317,-12.0820
TER_1413.pdb,19.1985,-17.9930
TER_1414.pdb,13.8013,-13.0860
TER_1415.pdb,15.8443,-9.3070
TER_1416.pdb,15.2315,-13.6530
TER_1417.pdb,21.4363,-8.0860
TER_1418.pdb,21.4343,-11.5710
TER_1419.pdb,15.6790,-16.5560
TER_1420.pdb,28.0550,-4.9990
TER_1421.pdb,16.2073,-11.9630
TER_1422.pdb,10.7485,-13.5320
TER_1423.pdb,13.2782,-11.8540
TER_1424.pdb,12.1931,-11.9300
TER_1425.pdb,15.8190,-17.2630
TER_1426.pdb,24.3216,-11.2990
TER_1427.pdb,15.0192,-14.9970
TER_1428.pdb,19.3078,-14.9630
TER_1429.pdb,13.2736,-16.2380
TER_1430.pdb,16.8083,-9.0620
TER_1431.pdb,23.4312,-10.0020
TER_1432.pdb,12.3553,-12.7070
TER_1433.pdb,17.5035,-11.3170
TER_1434.pdb,17.6795,-11.2490
TER_1435.pdb,14.6714,-12.5920
TER_1436.pdb,20.3714,-5.8990
TER_1437.pdb,13.5172,-5.7080
TER_1438.pdb,11.3182,-14.3960
TER_1439.pdb,12.3454,-8.6890
TER_1440.pdb,14.0856,-4.3080
TER_1441.pdb,17.2366,-7.8880
TER_1442.pdb,13.9056,-8.6620
TER_1443.pdb,10.5920,-11.9690
TER_1444.pdb,13.0317,-20.5830
TER_1445.pdb,15.5683,-21.8870
TER_1446.pdb,19.3762,-14.7910
TER_1447.pdb,20.4612,-8.4970
TER_1448.pdb,17.5142,-12.1410
TER_1449.pdb,22.3973,-13.8680
TER_1450.pdb,16.1647,-14.3340
TER_1451.pdb,15.1274,-14.5620
TER_1452.pdb,16.9601,-9.3060
TER_1453.pdb,13.6300,-10.2630
TER_1454.pdb,15.6554,-9.4800
TER_1455.pdb,13.5219,-10.8970
TER_1456.pdb,15.8285,-10.4730
TER_1457.pdb,30.2894,-9.5160
TER_1458.pdb,18.1700,-8.8100
TER_1459.pdb,11.9900,-15.3220
TER_1460.pdb,16.5383,-10.7740
TER_1461.pdb,29.1731,-12.5390
TER_1462.pdb,14.1902,-17.2160
TER_1463.pdb,18.2022,-2.7140
TER_1464.pdb,54.0840,-4.3220
TER_1465.pdb,21.9224,-7.8880
TER_1466.pdb,11.9505,-15.4210
TER_1467.pdb,15.8884,-9.4310
TER_1468.pdb,12.9994,-17.5980
TER_1469.pdb,14.4803,-16.2850
TER_1470.pdb,20.9296,-1.0020
TER_1471.pdb,14.0819,-13.3950
TER_1472.pdb,14.6244,-10.7810
TER_1473.pdb,22.7428,-17.6450
TER_1474.pdb,23.4037,-5.2060
TER_1475.pdb,12.9911,-8.9790
TER_1476.pdb,18.1581,-10.7340
TER_1477.pdb,21.3777,-17.5260
TER_1478.pdb,14.1459,-21.5490
TER_1479.pdb,11.0578,-17.0270
TER_1480.pdb,20.1730,-13.8520
TER_1481.pdb,15.6224,-16.5070
TER_1482.pdb,16.8056,-7.0490
TER_1483.pdb,16.6516,-12.5390
TER_1484.pdb,15.9748,-6.3260
TER_1485.pdb,9.7716,-19.5790
TER_1486.pdb,10.5450,-14.6220
TER_1487.pdb,17.8526,-16.9040
TER_1488.pdb,38.6573,0.0000
TER_1489.pdb,14.5633,-15.1310
TER_1490.pdb,26.3950,-2.0790
TER_1491.pdb,34.0271,-9.3680
TER_1492.pdb,22.5238,-12.3130
TER_1493.pdb,12.5092,-10.3050
TER_1494.pdb,17.0799,-9.3590
TER_1495.pdb,17.2150,-14.5960
TER_1496.pdb,13.8060,-7.1820
TER_1497.pdb,17.5804,-16.1610
TER_1498.pdb,20.2546,-4.8000
TER_1499.pdb,41.8944,0.0000
TER_1500.pdb,16.0097,-4.4370
TER_1501.pdb,16.9835,-10.7930
TER_1502.pdb,14.2798,-10.3460
TER_1503.pdb,13.5713,-14.5400
TER_1504.pdb,14.6660,-14.6280
TER_1505.pdb,20.4521,-2.1240
TER_1506.pdb,16.6648,-12.0650
TER_1507.pdb,22.7960,-3.0880
TER_1508.pdb,20.7107,-11.5650
TER_1509.pdb,19.2613,-8.3100
TER_1510.pdb,10.7338,-13.1500
TER_1511.pdb,49.8839,-0.0700
TER_1512.pdb,16.9757,-14.3830
TER_1513.pdb,23.2646,-5.9330
TER_1514.pdb,11.4152,-18.2390
TER_1515.pdb,19.6506,-10.5640
TER_1516.pdb,12.3026,-15.0130
TER_1517.pdb,12.9635,-9.5520
TER_1518.pdb,14.6462,-13.5910
TER_1519.pdb,19.9946,-7.7340
TER_1520.pdb,28.3428,-19.0240
TER_1521.pdb,21.0434,-18.3370
TER_1522.pdb,19.8411,-10.5970
TER_1523.pdb,10.6899,-12.4890
TER_1524.pdb,11.8075,-11.2780
TER_1525.pdb,24.0242,-17.9780
TER_1526.pdb,22.1441,-13.5540
TER_1527.pdb,15.9418,-11.1080
TER_1528.pdb,22.3651,-6.8060
TER_1529.pdb,17.3467,-8.4820
TER_1530.pdb,18.6927,-14.5560
TER_1531.pdb,12.9195,-16.3600
TER_1532.pdb,11.1973,-13.3100
TER_1533.pdb,23.0541,-9.9290
TER_1534.pdb,15.7541,-13.1010
TER_1535.pdb,22.4514,-0.0990
TER_1536.pdb,15.0143,-15.6920
TER_1537.pdb,13.5973,-14.6580
TER_1538.pdb,20.3827,-10.5760
TER_1539.pdb,17.7896,-9.8970
TER_1540.pdb,25.4204,-10.5580
TER_1541.pdb,16.4959,-17.7870
TER_1542.pdb,15.4313,-16.5950
TER_1543.pdb,15.2635,-15.7460
TER_1544.pdb,43.3034,0.0000
TER_1545.pdb,15.9369,-8.8980
TER_1546.pdb,15.6308,-13.6110
TER_1547.pdb,15.4521,-12.5100
TER_1548.pdb,17.0481,-6.7770
TER_1549.pdb,11.7128,-10.9640
TER_1550.pdb,15.9416,-10.1740
TER_1551.pdb,16.8399,-12.5860
TER_1552.pdb,16.6757,-7.7960
TER_1553.pdb,9.5102,-11.1310
TER_1554.pdb,14.8004,-20.3600
TER_1555.pdb,23.8719,-14.2860
TER_1556.pdb,19.4327,-8.4900
TER_1557.pdb,13.4193,-14.0700
TER_1558.pdb,12.0503,-14.2920
TER_1559.pdb,17.9554,-13.9540
TER_1560.pdb,11.8171,-13.8710
TER_1561.pdb,21.0482,-13.7510
TER_1562.pdb,12.8527,-13.7890
TER_1563.pdb,32.6019,0.0000
TER_1564.pdb,18.9979,-9.4090
TER_1565.pdb,23.9210,-8.1620
TER_1566.pdb,13.1948,-10.6070
TER_1567.pdb,16.1879,-13.1090
TER_1568.pdb,15.8005,-10.8870
TER_1569.pdb,13.7411,-16.7780
TER_1570.pdb,26.9738,-0.0010
TER_1571.pdb,20.9524,-13.8940
TER_1572.pdb,15.3750,-13.7360
TER_1573.pdb,20.2347,-11.9680
TER_1574.pdb,12.9912,-17.6430
TER_1575.pdb,28.5933,0.0000
TER_1576.pdb,15.0453,-18.2290
TER_1577.pdb,31.0265,-0.1240
TER_1578.pdb,10.3143,-14.9300
TER_1579.pdb,21.8065,-10.3200
TER_1580.pdb,23.5274,-11.2920
TER_1581.pdb,29.1329,-2.4350
TER_1582.pdb,40.9042,-0.9860
TER_1583.pdb,26.4302,0.0000
TER_1584.pdb,25.4323,-15.6190
TER_1585.pdb,12.4286,-12.0250
TER_1586.pdb,9.6979,-12.3300
TER_1587.pdb,10.5238,-11.3900
TER_1588.pdb,19.4060,-11.5770
TER_1589.pdb,23.6093,-4.3890
TER_1590.pdb,12.5555,-15.0700
TER_1591.pdb,22.0570,-14.1000
TER_1592.pdb,13.5699,-11.6750
TER_1593.pdb,13.0336,-8.9360
TER_1594.pdb,15.0029,-14.7520
TER_1595.pdb,23.9181,-2.6980
TER_1596.pdb,23.5544,-2.5720
TER_1597.pdb,14.5039,-10.1530
TER_1598.pdb,14.1525,-13.6220
TER_1599.pdb,12.1841,-13.5110
TER_1600.pdb,11.8246,-12.3380
TER_1601.pdb,15.7851,-7.4280
TER_1602.pdb,20.9710,-8.2700
TER_1603.pdb,22.3995,-18.8920
TER_1604.pdb,25.3475,-15.1560
TER_1605.pdb,20.0009,-11.2520
TER_1606.pdb,30.9876,-3.5970
TER_1607.pdb,20.8964,-6.1280
TER_1608.pdb,24.4691,-10.4570
TER_1609.pdb,18.7119,-8.6150
TER_1610.pdb,25.9092,-7.4000
TER_1611.pdb,32.7095,0.0000
TER_1612.pdb,16.0207,-9.2300
TER_1613.pdb,11.5024,-10.2200
TER_1614.pdb,10.8984,-13.3210
TER_1615.pdb,20.8113,-4.4430
TER_1616.pdb,13.5520,-11.7010
TER_1617.pdb,18.8025,-10.3870
TER_1618.pdb,16.6473,-15.6380
TER_1619.pdb,21.4596,-7.0730
TER_1620.pdb,15.6975,-10.7300
TER_1621.pdb,13.0511,-11.7010
TER_1622.pdb,15.3697,-12.7660
TER_1623.pdb,10.2333,-9.1650
TER_1624.pdb,25.7450,-8.8160
TER_1625.pdb,20.2033,-11.8460
TER_1626.pdb,21.8520,-6.6100
TER_1627.pdb,22.0899,-1.6390
TER_1628.pdb,12.0085,-15.8580
TER_1629.pdb,23.0027,-20.7990
TER_1630.pdb,13.2146,-14.3170
TER_1631.pdb,22.5417,-15.0230
TER_1632.pdb,11.2818,-13.7660
TER_1633.pdb,12.2420,-11.2880
TER_1634.pdb,15.8792,-11.8060
TER_1635.pdb,13.8859,-13.5830
TER_1636.pdb,17.8405,-11.8360
TER_1637.pdb,17.4774,-8.6660
TER_1638.pdb,38.3431,-6.9460
TER_1639.pdb,17.1629,-9.9070
TER_1640.pdb,15.0460,-6.4620
TER_1641.pdb,42.4528,-0.1510
TER_1642.pdb,24.1684,-6.6220
TER_1643.pdb,12.1500,-21.6020
TER_1644.pdb,17.4805,-12.9010
TER_1645.pdb,16.0923,-11.4130
TER_1646.pdb,22.6227,-5.8590
TER_1647.pdb,11.9605,-15.5030
TER_1648.pdb,18.8122,-6.5240
TER_1649.pdb,15.0469,-14.7370
TER_1650.pdb,14.9231,-11.8420
TER_1651.pdb,21.6892,-11.8130
TER_1652.pdb,13.6680,-8.8170
TER_1653.pdb,18.1601,-10.0710
TER_1654.pdb,18.1955,-5.4880
TER_1655.pdb,21.7995,-11.8990
TER_1656.pdb,13.4475,-13.9410
TER_1657.pdb,11.8775,-13.6720
TER_1658.pdb,24.2552,-4.0000
TER_1659.pdb,19.3741,-12.7480
TER_1660.pdb,10.7659,-13.9040
TER_1661.pdb,18.8264,-7.8270
TER_1662.pdb,16.7208,-14.2320
TER_1663.pdb,17.0634,-14.9580
TER_1664.pdb,24.3737,-19.4940
TER_1665.pdb,11.9733,-15.9120
TER_1666.pdb,17.5862,-9.1520
TER_1667.pdb,30.5207,-5.5320
TER_1668.pdb,19.8354,-15.2710
TER_1669.pdb,27.0991,-5.7350
TER_1670.pdb,33.4646,-10.3070
TER_1671.pdb,15.4935,-13.1660
TER_1672.pdb,54.7303,0.0000
TER_1673.pdb,18.6160,-10.5890
TER_1674.pdb,19.1475,-9.4090
TER_1675.pdb,23.6617,-7.2770
TER_1676.pdb,15.2006,-19.6230
TER_1677.pdb,20.1247,-16.3580
TER_1678.pdb,54.1207,0.0000
TER_1679.pdb,17.6084,-6.5760
TER_1680.pdb,25.2769,-6.3970
TER_1681.pdb,26.2682,-12.5500
TER_1682.pdb,52.9546,0.0000
TER_1683.pdb,35.4304,-11.3670
TER_1684.pdb,28.0578,-14.2830
TER_1685.pdb,64.7695,0.0000
TER_1686.pdb,14.8260,-11.3280
TER_1687.pdb,18.2123,-8.7790
TER_1688.pdb,11.5608,-10.7190
TER_1689.pdb,12.2701,-8.2180
TER_1690.pdb,20.6618,-8.3530
TER_1691.pdb,12.3784,-17.3380
TER_1692.pdb,18.0830,-9.7320
TER_1693.pdb,21.5631,-11.4820
TER_1694.pdb,20.0126,-10.6410
TER_1695.pdb,21.7197,-5.9600
TER_1696.pdb,19.0566,-17.4110
TER_1697.pdb,14.1507,-7.7050
TER_1698.pdb,17.3996,-13.0260
TER_1699.pdb,19.4290,-7.2180
TER_1700.pdb,23.4709,-7.2040
TER_1701.pdb,15.1631,-14.8520
TER_1702.pdb,27.6010,-6.9980
TER_1703.pdb,10.2276,-9.8700
TER_1704.pdb,10.5069,-11.2400
TER_1705.pdb,18.6615,-13.1070
TER_1706.pdb,22.4587,-7.2020
TER_1707.pdb,18.9267,-14.6410
TER_1708.pdb,11.5279,-10.6370
TER_1709.pdb,23.0191,-15.0640
TER_1710.pdb,19.5302,-6.9720
TER_1711.pdb,13.6873,-6.9350
TER_1712.pdb,27.6850,-5.9470
TER_1713.pdb,15.6962,-12.1600
TER_1714.pdb,23.6204,-1.7470
TER_1715.pdb,19.1580,-12.4750
TER_1716.pdb,16.5712,-11.9320
TER_1717.pdb,24.2227,0.0000
TER_1718.pdb,10.4703,-13.0910
TER_1719.pdb,12.5222,-13.0570
TER_1720.pdb,10.2393,-13.5190
TER_1721.pdb,13.6082,-11.1450
TER_1722.pdb,19.1379,-9.9740
TER_1723.pdb,15.8028,-19.4000
TER_1724.pdb,21.1645,-12.5040
TER_1725.pdb,20.4217,-15.9520
TER_1726.pdb,14.7082,-9.5320
TER_1727.pdb,18.3535,0.0000
TER_1728.pdb,14.7237,-11.5930
TER_1729.pdb,13.3614,-18.1730
TER_1730.pdb,19.8257,-16.9070
TER_1731.pdb,18.9292,-20.3240
TER_1732.pdb,15.4497,-6.3500
TER_1733.pdb,13.2602,-12.4720
TER_1734.pdb,19.1520,-8.6340
TER_1735.pdb,16.3879,-6.4580
TER_1736.pdb,25.9817,-14.7130
TER_1737.pdb,13.6306,-11.4080
TER_1738.pdb,28.0833,-3.7410
TER_1739.pdb,20.5338,-9.6620
TER_1740.pdb,27.6091,-7.9050
TER_1741.pdb,22.1021,-12.8350
TER_1742.pdb,16.0777,-7.9920
TER_1743.pdb,12.5291,-16.1930
TER_1744.pdb,21.2119,-15.4120
TER_1745.pdb,11.4522,-11.3440
TER_1746.pdb,11.3556,-11.5740
TER_1747.pdb,18.4855,-7.8320
TER_1748.pdb,24.3028,-5.8850
TER_1749.pdb,25.5670,-18.4100
TER_1750.pdb,12.9991,-11.1990
TER_1751.pdb,29.0820,-4.9910
TER_1752.pdb,17.9264,-13.1980
TER_1753.pdb,17.9733,-5.7380
TER_1754.pdb,14.6205,-16.4090
TER_1755.pdb,11.4360,-19.7530
TER_1756.pdb,20.6281,-3.7240
TER_1757.pdb,13.4088,-16.0700
TER_1758.pdb,11.1076,-17.7970
TER_1759.pdb,29.4309,-0.4350
TER_1760.pdb,17.4077,-7.0450
TER_1761.pdb,17.9471,-16.9700
TER_1762.pdb,25.5901,-9.3720
TER_1763.pdb,17.8361,-14.6480
TER_1764.pdb,15.5908,-10.9340
TER_1765.pdb,12.7929,-11.1880
TER_1766.pdb,15.6410,-11.4270
TER_1767.pdb,14.5557,-6.6950
TER_1768.pdb,11.6315,-9.0560
TER_1769.pdb,17.4438,-17.7840
TER_1770.pdb,18.6147,-16.4330
TER_1771.pdb,14.1271,-10.9860
TER_1772.pdb,17.8760,-13.2970
TER_1773.pdb,15.9833,-10.9680
TER_1774.pdb,20.9242,-5.0930
TER_1775.pdb,19.5496,-14.5590
TER_1776.pdb,11.7011,-13.9380
TER_1777.pdb,15.5229,-10.2620
TER_1778.pdb,39.5558,-8.2960
TER_1779.pdb,12.1555,-8.9660
TER_1780.pdb,16.7792,-11.9780
TER_1781.pdb,23.0640,-3.4430
TER_1782.pdb,12.0663,-14.2860
TER_1783.pdb,15.8642,-15.5450
TER_1784.pdb,17.1813,-18.7990
TER_1785.pdb,12.1477,-12.8880
TER_1786.pdb,15.7645,-10.0550
TER_1787.pdb,22.6550,-7.4860
TER_1788.pdb,13.5572,-9.1110
TER_1789.pdb,14.6828,-8.1400
TER_1790.pdb,15.5586,-21.5540
TER_1791.pdb,19.6172,-11.7390
TER_1792.pdb,13.0893,-6.0820
TER_1793.pdb,14.8368,-15.6510
TER_1794.pdb,15.0036,-14.3150
TER_1795.pdb,16.2069,-6.7630
TER_1796.pdb,11.9264,-16.1390
TER_1797.pdb,13.4146,-11.6080
TER_1798.pdb,14.5502,-9.3050
TER_1799.pdb,24.7417,-7.5800
TER_1800.pdb,23.3356,-11.9100
TER_1801.pdb,38.7422,-8.2720
TER_1802.pdb,22.2493,-8.1520
TER_1803.pdb,26.0449,-7.9320
TER_1804.pdb,19.9347,-18.5190
TER_1805.pdb,11.9181,-10.0580
TER_1806.pdb,17.0770,-13.6350
TER_1807.pdb,24.7305,-7.1190
TER_1808.pdb,17.9262,-25.6950
TER_1809.pdb,14.3239,-11.8260
TER_1810.pdb,23.5342,-4.2850
TER_1811.pdb,17.8129,-7.5270
TER_1812.pdb,25.5955,-14.5830
TER_1813.pdb,18.2534,-8.4560
TER_1814.pdb,20.0673,-9.9100
TER_1815.pdb,13.8793,-11.1800
TER_1816.pdb,14.5543,-2.5550
TER_1817.pdb,18.9303,-8.9090
TER_1818.pdb,11.4791,-10.6350
TER_1819.pdb,14.3290,-11.9300
TER_1820.pdb,24.8626,-14.8860
TER_1821.pdb,22.9032,-9.8110
TER_1822.pdb,13.3144,-13.3890
TER_1823.pdb,19.3473,-9.6920
TER_1824.pdb,10.9036,-12.5370
TER_1825.pdb,16.8680,-9.7830
TER_1826.pdb,30.9936,-12.0150
TER_1827.pdb,23.0000,-7.0910
TER_1828.pdb,23.9440,0.0000
TER_1829.pdb,25.4004,-9.8300
TER_1830.pdb,15.0762,-18.6500
TER_1831.pdb,22.8864,-10.4150
TER_1832.pdb,15.1334,-8.5070
TER_1833.pdb,15.4441,-14.8350
TER_1834.pdb,22.3832,-15.7800
TER_1835.pdb,16.5969,-11.8620
TER_1836.pdb,25.1168,-8.7260
TER_1837.pdb,16.8487,-12.9970
TER_1838.pdb,19.6851,-7.0470
TER_1839.pdb,16.0096,-15.0740
TER_1840.pdb,19.7886,-4.6900
TER_1841.pdb,20.8166,-13.3170
TER_1842.pdb,18.4002,-12.8880
TER_1843.pdb,22.2421,-13.2770
TER_1844.pdb,23.1064,-11.2650
TER_1845.pdb,15.2762,-7.4880
TER_1846.pdb,20.5014,-18.9810
TER_1847.pdb,17.9830,-17.9050
TER_1848.pdb,11.7466,-12.5180
TER_1849.pdb,23.3547,0.0000
TER_1850.pdb,20.0120,-15.0330
TER_1851.pdb,14.4812,-18.5810
TER_1852.pdb,21.5823,-9.0420
TER_1853.pdb,39.3050,0.0000
TER_1854.pdb,13.1360,-1.8830
TER_1855.pdb,26.8924,-0.1430
TER_1856.pdb,11.3101,-9.7340
TER_1857.pdb,24.6104,-6.3310
TER_1858.pdb,15.0406,-12.2210
TER_1859.pdb,15.7758,-10.0950
TER_1860.pdb,15.8656,-18.2610
TER_1861.pdb,15.0077,-13.8420
TER_1862.pdb,18.3134,-9.8060
TER_1863.pdb,18.7189,-0.2480
TER_1864.pdb,12.1089,-19.6550
TER_1865.pdb,19.8225,-9.3590
TER_1866.pdb,12.1470,-15.3610
TER_1867.pdb,18.9267,-18.6050
TER_1868.pdb,16.0990,-9.3070
TER_1869.pdb,24.5703,-9.1420
TER_1870.pdb,20.4725,-8.9770
TER_1871.pdb,17.4636,-20.3700
TER_1872.pdb,15.2294,-10.6790
TER_1873.pdb,11.3550,-17.1950
TER_1874.pdb,13.7394,-10.4530
TER_1875.pdb,15.6443,-11.1520
TER_1876.pdb,21.9243,-6.7860
TER_1877.pdb,23.6495,-13.2290
TER_1878.pdb,12.8638,-8.0330
TER_1879.pdb,15.4668,-8.3490
TER_1880.pdb,20.1500,-8.4010
TER_1881.pdb,15.9421,-9.9650
TER_1882.pdb,15.8572,-10.6090
TER_1883.pdb,23.0328,-7.1390
TER_1884.pdb,14.8602,-8.9660
TER_1885.pdb,15.0205,-13.1310
TER_1886.pdb,24.3982,-4.4060
TER_1887.pdb,20.4508,-12.7650
TER_1888.pdb,28.8382,-6.8900
TER_1889.pdb,15.4668,-9.0360
TER_1890.pdb,17.7585,-15.1790
TER_1891.pdb,28.4796,-6.2370
TER_1892.pdb,11.2730,-12.7920
TER_1893.pdb,18.2485,-8.1910
TER_1894.pdb,22.3134,-5.8140
TER_1895.pdb,17.0719,-13.2100
TER_1896.pdb,18.5117,-7.5610
TER_1897.pdb,13.0233,-17.5110
TER_1898.pdb,12.1363,-16.5570
TER_1899.pdb,21.0802,-8.6400
TER_1900.pdb,24.9992,-4.5520
TER_1901.pdb,27.8992,-4.0050
TER_1902.pdb,17.2578,-8.4340
TER_1903.pdb,16.6486,-17.7720
TER_1904.pdb,21.8817,-10.9790
TER_1905.pdb,20.1126,-17.0560
TER_1906.pdb,26.0928,-13.9860
TER_1907.pdb,12.8518,-7.6230
TER_1908.pdb,23.3589,-1.3490
TER_1909.pdb,22.7069,0.0000
TER_1910.pdb,14.3204,-16.2140
TER_1911.pdb,83.6930,0.0000
TER_1912.pdb,19.1432,-22.4970
TER_1913.pdb,23.6039,-9.2290
TER_1914.pdb,12.4458,-15.8800
TER_1915.pdb,18.6705,-12.9820
TER_1916.pdb,11.3686,-15.6110
TER_1917.pdb,55.2464,0.0000
TER_1918.pdb,12.9667,-16.8800
TER_1919.pdb,22.2028,-14.7020
TER_1920.pdb,13.1013,-9.4780
TER_1921.pdb,18.0186,-7.2830
TER_1922.pdb,14.1629,-15.4800
TER_1923.pdb,13.9066,-9.5440
TER_1924.pdb,15.9877,-11.6870
TER_1925.pdb,17.7549,-8.0220
TER_1926.pdb,15.3960,-13.4380
TER_1927.pdb,20.0325,-8.0190
TER_1928.pdb,21.4048,-10.1790
TER_1929.pdb,16.5028,-21.8470
TER_1930.pdb,19.4283,-13.8800
TER_1931.pdb,10.7395,-12.4740
TER_1932.pdb,14.8151,-20.1350
TER_1933.pdb,23.8185,-12.1370
TER_1934.pdb,22.4792,-9.7790
TER_1935.pdb,14.4378,-14.3810
TER_1936.pdb,11.5834,-12.0830
TER_1937.pdb,12.3919,-13.5500
TER_1938.pdb,12.2477,-14.5290
TER_1939.pdb,13.8759,-11.1580
TER_1940.pdb,18.7323,-15.6680
TER_1941.pdb,22.8562,-5.1110
TER_1942.pdb,23.4926,-9.4410
TER_1943.pdb,10.9139,-10.9990
TER_1944.pdb,19.1124,-17.6480
TER_1945.pdb,12.8926,-15.0030
TER_1946.pdb,28.8144,-5.8580
TER_1947.pdb,10.7164,-13.3460
TER_1948.pdb,18.9690,-8.8720
TER_1949.pdb,10.3894,-15.0180
TER_1950.pdb,16.2088,-13.9360
TER_1951.pdb,10.7086,-9.7610
TER_1952.pdb,20.3059,-23.6670
TER_1953.pdb,13.0431,-15.6240
TER_1954.pdb,18.5822,-13.6070
TER_1955.pdb,20.8698,-6.7620
TER_1956.pdb,17.5644,-10.8990
TER_1957.pdb,18.9621,-0.0380
TER_1958.pdb,15.7574,-14.5640
TER_1959.pdb,19.4277,-12.4720
TER_1960.pdb,14.5598,-21.5640
TER_1961.pdb,11.8517,-12.0860
TER_1962.pdb,18.8580,-16.3290
TER_1963.pdb,12.3959,-15.9260
TER_1964.pdb,18.1695,-7.4180
TER_1965.pdb,11.7214,-14.3540
TER_1966.pdb,21.8354,-12.5790
TER_1967.pdb,14.7353,-14.0470
TER_1968.pdb,15.2984,-8.7530
TER_1969.pdb,13.8198,-13.8960
TER_1970.pdb,19.8333,-15.5720
TER_1971.pdb,23.5816,-5.8270
TER_1972.pdb,14.1720,-14.3310
TER_1973.pdb,14.0889,-17.0730
TER_1974.pdb,20.7882,-10.0990
TER_1975.pdb,20.1909,-8.8080
TER_1976.pdb,14.4250,-17.3590
TER_1977.pdb,10.3505,-16.7920
TER_1978.pdb,11.7702,-11.4470
TER_1979.pdb,25.7503,-9.8030
TER_1980.pdb,14.7106,-16.1730
TER_1981.pdb,15.7832,-12.1680
TER_1982.pdb,15.8286,-11.6950
TER_1983.pdb,23.4455,-6.2160
TER_1984.pdb,15.7436,-8.8970
TER_1985.pdb,17.3119,-17.5690
TER_1986.pdb,23.4818,-6.5050
TER_1987.pdb,12.2609,-13.5200
TER_1988.pdb,10.9493,-10.4090
TER_1989.pdb,24.7081,-0.1440
TER_1990.pdb,15.6818,-16.5730
TER_1991.pdb,15.8244,-11.7690
TER_1992.pdb,22.3789,-18.5240
TER_1993.pdb,13.6363,-15.8730
TER_1994.pdb,13.9087,-15.9140
TER_1995.pdb,21.6239,-8.9820
TER_1996.pdb,13.6991,-12.0760
TER_1997.pdb,13.1053,-13.2590
TER_1998.pdb,21.5570,-2.2800
TER_1999.pdb,14.0844,-9.2390
TER_2000.pdb,32.6749,-0.1260
TER_2001.pdb,22.0187,-14.7660
TER_2002.pdb,17.3767,-12.5690
TER_2003.pdb,22.8289,-11.8670
TER_2004.pdb,15.9942,-7.6800
TER_2005.pdb,12.3419,-9.2280
TER_2006.pdb,14.8074,-21.4820
TER_2007.pdb,21.4207,-14.0330
TER_2008.pdb,22.1533,-8.6690
TER_2009.pdb,22.4428,-12.5700
TER_2010.pdb,12.7410,-15.7390
TER_2011.pdb,16.4842,-18.8940
TER_2012.pdb,15.1465,-16.1420
TER_2013.pdb,12.0676,-9.5270
TER_2014.pdb,14.8729,-7.4940
TER_2015.pdb,16.8237,-16.5260
TER_2016.pdb,10.4541,-15.4510
TER_2017.pdb,21.1949,-21.4380
TER_2018.pdb,10.8212,-9.8840
TER_2019.pdb,17.2347,-11.6290
TER_2020.pdb,18.6335,-9.1330
TER_2021.pdb,16.4895,-14.9060
TER_2022.pdb,24.0880,-13.3420
TER_2023.pdb,20.0407,-15.6630
TER_2024.pdb,14.5522,-18.2390
TER_2025.pdb,11.8750,-8.5710
TER_2026.pdb,15.8244,-20.4470
TER_2027.pdb,23.8562,-9.3700
TER_2028.pdb,20.0168,-0.7800
TER_2029.pdb,32.7448,0.0000
TER_2030.pdb,32.3606,-1.9970
TER_2031.pdb,23.3428,-9.7280
TER_2032.pdb,13.3280,-6.9140
TER_2033.pdb,21.4581,-10.8810
TER_2034.pdb,27.6708,-4.6650
TER_2035.pdb,16.1086,-12.2500
TER_2036.pdb,15.8557,-11.3920
TER_2037.pdb,19.7869,-8.5920
TER_2038.pdb,14.8718,-16.5920
TER_2039.pdb,16.0787,-13.6300
TER_2040.pdb,22.6844,-14.8110
TER_2041.pdb,11.9649,-12.4420
TER_2042.pdb,16.2975,-17.6910
TER_2043.pdb,12.7227,-19.7710
TER_2044.pdb,20.2297,-9.2730
TER_2045.pdb,12.3564,-14.5760
TER_2046.pdb,10.1818,-12.9480
TER_2047.pdb,22.2444,-9.8940
TER_2048.pdb,15.3023,-7.9580
TER_2049.pdb,11.4075,-17.4080
TER_2050.pdb,15.7368,-14.7560
TER_2051.pdb,21.8738,-13.7410
TER_2052.pdb,12.5257,-20.2390
TER_2053.pdb,16.8304,-12.7760
TER_2054.pdb,11.3023,-10.1170
TER_2055.pdb,24.5140,-10.8760
TER_2056.pdb,23.5060,-12.9680
TER_2057.pdb,37.1317,-1.3560
TER_2058.pdb,15.6295,-12.7990
TER_2059.pdb,24.7978,-2.6860
TER_2060.pdb,11.8138,-12.3710
TER_2061.pdb,29.8927,0.0000
TER_2062.pdb,20.5996,-9.7410
TER_2063.pdb,11.3478,-17.1230
TER_2064.pdb,10.7692,-13.9830
TER_2065.pdb,13.0913,-12.1920
TER_2066.pdb,15.5258,-10.7480
TER_2067.pdb,12.1725,-17.0800
TER_2068.pdb,11.2230,-13.2540
TER_2069.pdb,57.7120,0.0000
TER_2070.pdb,22.9039,-11.5190
TER_2071.pdb,20.0472,-19.9160
TER_2072.pdb,15.4840,-5.5840
TER_2073.pdb,16.5557,-5.6760
TER_2074.pdb,17.0066,-13.8410
TER_2075.pdb,19.0114,-8.8850
TER_2076.pdb,10.7337,-12.5020
TER_2077.pdb,19.9459,-11.4060
TER_2078.pdb,20.6948,-14.4610
TER_2079.pdb,14.7549,-12.2760
TER_2080.pdb,12.6281,-13.6240
TER_2081.pdb,18.3474,-8.4600
TER_2082.pdb,16.2235,-9.7750
TER_2083.pdb,17.1101,-6.4600
TER_2084.pdb,11.8512,-12.6370
TER_2085.pdb,16.7438,-12.7630
TER_2086.pdb,22.7019,-11.3140
TER_2087.pdb,12.6027,-16.0390
TER_2088.pdb,27.7974,-8.2110
TER_2089.pdb,16.8539,-17.6050
TER_2090.pdb,15.1631,-7.0670
TER_2091.pdb,16.3389,-5.5520
TER_2092.pdb,11.1546,-11.5530
TER_2093.pdb,19.7781,-18.1340
TER_2094.pdb,12.4863,-11.0560
TER_2095.pdb,17.9472,-7.6130
TER_2096.pdb,14.5661,-8.9860
TER_2097.pdb,13.8518,-6.9870
TER_2098.pdb,11.2503,-11.5070
TER_2099.pdb,19.2360,-10.1260
TER_2100.pdb,18.2925,-10.2710
TER_2101.pdb,13.9148,-7.3030
TER_2102.pdb,13.2407,-15.0100
TER_2103.pdb,14.3503,-12.1540
TER_2104.pdb,11.6857,-14.7870
TER_2105.pdb,17.1660,-15.5880
TER_2106.pdb,20.5174,-4.5500
TER_2107.pdb,18.7454,-10.1840
TER_2108.pdb,19.7129,-7.9180
TER_2109.pdb,15.8681,-2.6370
TER_2110.pdb,11.6384,-14.5100
TER_2111.pdb,20.0918,-10.2620
TER_2112.pdb,11.9578,-22.0270
TER_2113.pdb,18.3359,-12.3760
TER_2114.pdb,20.1993,-13.4690
TER_2115.pdb,12.4800,-12.7580
TER_2116.pdb,20.1925,-14.6580
TER_2117.pdb,19.1032,-7.2720
TER_2118.pdb,25.6481,-7.3730
TER_2119.pdb,27.1166,-5.1310
TER_2120.pdb,14.5739,-13.6780
TER_2121.pdb,14.5946,-11.0590
TER_2122.pdb,285.7774,0.0000
TER_2123.pdb,17.1792,-9.2600
TER_2124.pdb,21.0927,-6.1730
TER_2125.pdb,15.0699,-10.7680
TER_2126.pdb,15.2782,-7.9710
TER_2127.pdb,16.4217,-6.4120
TER_2128.pdb,11.9910,-8.6530
TER_2129.pdb,16.1163,-6.5000
TER_2130.pdb,20.4054,-8.9020
TER_2131.pdb,23.7705,-7.7850
TER_2132.pdb,34.2398,-10.2690
TER_2133.pdb,14.2792,-13.5990
TER_2134.pdb,14.4070,-13.5320
TER_2135.pdb,13.4357,-10.9040
TER_2136.pdb,19.5735,-11.5170
TER_2137.pdb,17.4715,-9.3020
TER_2138.pdb,11.5652,-7.3980
TER_2139.pdb,17.0498,-7.8470
TER_2140.pdb,24.2892,-8.0330
TER_2141.pdb,12.4870,-14.4490
TER_2142.pdb,18.8846,-6.6630
TER_2143.pdb,16.7202,-10.3380
TER_2144.pdb,20.6531,-11.8910
TER_2145.pdb,16.9052,-9.7670
TER_2146.pdb,17.5814,-0.3340
TER_2147.pdb,14.8918,-14.2690
TER_2148.pdb,25.6779,-1.1360
TER_2149.pdb,23.9596,-16.3550
TER_2150.pdb,16.8481,-17.3210
TER_2151.pdb,12.5086,-9.8340
TER_2152.pdb,14.8729,-13.5120
TER_2153.pdb,11.1770,-23.6730
TER_2154.pdb,11.4345,-8.5940
TER_2155.pdb,10.7114,-11.0310
TER_2156.pdb,20.5520,-11.6200
TER_2157.pdb,10.4622,-14.2380
TER_2158.pdb,18.7474,-10.8320
TER_2159.pdb,13.5488,-14.7130
TER_2160.pdb,22.5537,-8.3800
TER_2161.pdb,14.2915,-7.2660
TER_2162.pdb,17.0017,-11.2770
TER_2163.pdb,24.0817,-8.8050
TER_2164.pdb,14.4729,-10.3430
TER_2165.pdb,12.4219,-12.6280
TER_2166.pdb,12.1421,-10.2160
TER_2167.pdb,21.7918,-12.2080
TER_2168.pdb,23.2045,-8.3670
TER_2169.pdb,16.0156,-13.1190
TER_2170.pdb,15.6306,-11.4740
TER_2171.pdb,17.0913,-11.2460
TER_2172.pdb,13.0379,-15.2400
TER_2173.pdb,14.5647,-19.6990
TER_2174.pdb,10.2722,-9.3310
TER_2175.pdb,22.8270,-7.6710
TER_2176.pdb,13.0990,-12.2270
TER_2177.pdb,22.1888,-11.8140
TER_2178.pdb,17.7786,-6.7960
TER_2179.pdb,17.9016,-5.7410
TER_2180.pdb,11.3507,-9.3510
TER_2181.pdb,23.4023,-7.5960
TER_2182.pdb,17.4050,-16.7590
TER_2183.pdb,20.4802,-18.3420
TER_2184.pdb,55.2621,-0.5030
TER_2185.pdb,13.6041,-7.4640
TER_2186.pdb,16.9018,-9.9500
TER_2187.pdb,11.2004,-7.9790
TER_2188.pdb,10.7238,-14.1240
TER_2189.pdb,20.0075,-11.9330
TER_2190.pdb,19.1096,-7.6570
TER_2191.pdb,16.1523,-8.0570
TER_2192.pdb,17.5923,-14.5500
TER_2193.pdb,21.4498,-12.6820
TER_2194.pdb,24.8850,-5.8980
TER_2195.pdb,26.1078,-1.6950
TER_2196.pdb,20.4422,-10.4140
TER_2197.pdb,28.0638,-9.7920
TER_2198.pdb,22.1468,-10.7200
TER_2199.pdb,10.3872,-15.3910
TER_2200.pdb,18.9120,-15.0270
TER_2201.pdb,16.5614,-20.7840
TER_2202.pdb,11.7394,-14.1230
TER_2203.pdb,17.6334,-6.0300
TER_2204.pdb,10.9879,-11.5000
TER_2205.pdb,11.1583,-8.1800
TER_2206.pdb,16.9333,-8.9170
TER_2207.pdb,24.4330,-0.7530
TER_2208.pdb,20.9929,-15.6630
TER_2209.pdb,16.1744,-13.5870
TER_2210.pdb,23.2077,-10.4460
TER_2211.pdb,16.4426,-9.4130
TER_2212.pdb,15.8448,-15.7070
TER_2213.pdb,11.9309,-17.0760
TER_2214.pdb,11.2802,-7.8650
TER_2215.pdb,21.8412,-15.4220
TER_2216.pdb,11.9160,-14.3900
TER_2217.pdb,19.1755,-12.0210
TER_2218.pdb,19.9288,-7.1540
TER_2219.pdb,13.7656,-7.1610
TER_2220.pdb,16.8937,-12.3460
TER_2221.pdb,13.5279,-10.6150
TER_2222.pdb,16.4309,-11.7120
TER_2223.pdb,15.0646,-15.3430
TER_2224.pdb,15.7010,-0.2790
TER_2225.pdb,13.4586,-10.9090
TER_2226.pdb,12.4788,-10.6410
TER_2227.pdb,15.2978,-11.0270
TER_2228.pdb,13.0964,-10.9410
TER_2229.pdb,23.3498,-9.4470
TER_2230.pdb,26.0828,-7.4350
TER_2231.pdb,13.7768,-9.4370
TER_2232.pdb,15.6069,-9.8680
TER_2233.pdb,15.0824,-15.5490
TER_2234.pdb,19.1297,-9.1700
TER_2235.pdb,10.5043,-7.6600
TER_2236.pdb,15.9267,-9.8870
TER_2237.pdb,19.8343,-0.1420
TER_2238.pdb,18.8560,-11.4970
TER_2239.pdb,14.8558,-12.5680
TER_2240.pdb,11.3130,-16.3940
TER_2241.pdb,33.0970,-3.8510
TER_2242.pdb,14.4884,-12.8210
TER_2243.pdb,20.6063,-7.4500
TER_2244.pdb,10.8262,-15.5990
TER_2245.pdb,22.0790,-13.4240
TER_2246.pdb,14.4073,-18.1390
TER_2247.pdb,11.5626,-14.1900
TER_2248.pdb,24.7435,-8.1730
TER_2249.pdb,26.0160,-0.1310
TER_2250.pdb,17.4192,-6.6340
TER_2251.pdb,14.6142,-7.4430
TER_2252.pdb,34.4328,-7.4660
TER_2253.pdb,25.9310,-8.2330
TER_2254.pdb,10.2855,-13.0260
TER_2255.pdb,11.4696,-17.1170
TER_2256.pdb,14.9319,-11.0790
TER_2257.pdb,42.1066,0.0000
TER_2258.pdb,16.0771,-13.0750
TER_2259.pdb,21.2664,-8.9310
TER_2260.pdb,25.8322,-12.7200
TER_2261.pdb,19.2685,-0.0720
TER_2262.pdb,15.0914,-14.0830
TER_2263.pdb,12.5046,-11.5440
TER_2264.pdb,15.3418,-3.3910
TER_2265.pdb,15.7727,-11.2850
TER_2266.pdb,14.9921,-13.9490
TER_2267.pdb,22.6162,-8.8970
TER_2268.pdb,14.1578,-16.4790
TER_2269.pdb,18.8167,-14.3600
TER_2270.pdb,17.3790,-10.1330
TER_2271.pdb,20.2568,-12.5640
TER_2272.pdb,24.9928,-3.8960
TER_2273.pdb,14.1294,-14.3050
TER_2274.pdb,14.4833,-10.2810
TER_2275.pdb,17.6770,-8.6350
TER_2276.pdb,14.7592,-13.5760
TER_2277.pdb,14.7348,-15.3490
TER_2278.pdb,16.8038,-15.0350
TER_2279.pdb,22.9675,-11.8850
TER_2280.pdb,16.1691,-12.1770
TER_2281.pdb,15.1756,-9.3460
TER_2282.pdb,20.2255,-7.7470
TER_2283.pdb,23.5702,-13.6470
TER_2284.pdb,14.4350,-16.3310
TER_2285.pdb,20.2998,-9.6370
TER_2286.pdb,23.6359,-8.1740
TER_2287.pdb,39.0909,-7.0150
TER_2288.pdb,23.9858,-6.4310
TER_2289.pdb,16.0371,-3.0680
TER_2290.pdb,14.1808,-4.5780
TER_2291.pdb,16.6630,-8.5460
TER_2292.pdb,12.6004,-12.7680
TER_2293.pdb,14.2277,-11.2400
TER_2294.pdb,13.8902,-14.6630
TER_2295.pdb,13.8454,-18.1030
TER_2296.pdb,19.9754,-13.5590
TER_2297.pdb,36.6954,0.0000
TER_2298.pdb,17.3636,-10.8330
TER_2299.pdb,27.6270,-2.1100
TER_2300.pdb,18.6612,-10.6630
TER_2301.pdb,25.0133,-7.7240
TER_2302.pdb,15.6234,-11.9040
TER_2303.pdb,22.2521,-3.7670
TER_2304.pdb,13.6173,-12.7580
TER_2305.pdb,22.1485,-10.1240
TER_2306.pdb,23.0393,-2.3280
TER_2307.pdb,20.3312,-2.4720
TER_2308.pdb,41.8378,0.0000
TER_2309.pdb,20.6143,-7.5760
TER_2310.pdb,15.4163,-17.9630
TER_2311.pdb,16.9481,-15.3380
TER_2312.pdb,26.4840,-1.0460
TER_2313.pdb,20.0191,-9.4810
TER_2314.pdb,17.8930,-9.3970
TER_2315.pdb,17.9516,-17.9880
TER_2316.pdb,14.8983,-17.2790
TER_2317.pdb,20.9099,-2.5540
TER_2318.pdb,17.9698,-11.8070
TER_2319.pdb,17.0125,-20.5350
TER_2320.pdb,14.9377,-10.5050
TER_2321.pdb,15.8795,-8.0470
TER_2322.pdb,12.7542,-15.3130
TER_2323.pdb,16.3467,-25.7280
TER_2324.pdb,21.2190,0.0000
TER_2325.pdb,15.0031,-16.2620
TER_2326.pdb,14.8537,-18.5080
TER_2327.pdb,20.1307,-7.4530
TER_2328.pdb,19.8048,-11.6660
TER_2329.pdb,12.1290,-11.7320
TER_2330.pdb,11.2772,-16.8320
TER_2331.pdb,11.4649,-13.7650
TER_2332.pdb,14.8140,-16.9500
TER_2333.pdb,18.3419,-10.3040
TER_2334.pdb,21.4034,-11.9200
TER_2335.pdb,22.3665,-11.4310
TER_2336.pdb,16.5596,-13.8750
TER_2337.pdb,11.5942,-7.6060
TER_2338.pdb,18.3092,-12.5800
TER_2339.pdb,11.8516,-9.4540
TER_2340.pdb,19.7745,-2.8670
TER_2341.pdb,23.2098,-10.6230
TER_2342.pdb,13.8927,-13.1050
TER_2343.pdb,13.8758,-14.8860
TER_2344.pdb,17.0190,-13.1590
TER_2345.pdb,23.6399,-7.0450
TER_2346.pdb,19.1938,-8.3580
TER_2347.pdb,24.6210,-2.3630
TER_2348.pdb,15.7892,-15.6230
TER_2349.pdb,13.1577,-16.5440
TER_2350.pdb,22.0883,-10.5230
TER_2351.pdb,11.7631,-8.6390
TER_2352.pdb,32.6420,-0.1260
TER_2353.pdb,14.9724,-10.1010
TER_2354.pdb,13.5155,-9.5670
TER_2355.pdb,13.3284,-5.8930
TER_2356.pdb,27.8599,-10.6000
TER_2357.pdb,15.2301,-6.7150
TER_2358.pdb,18.7912,-0.0040
TER_2359.pdb,17.9413,-12.1730
TER_2360.pdb,16.0170,-15.9440
TER_2361.pdb,12.7208,-11.3620
TER_2362.pdb,12.1131,-16.6880
TER_2363.pdb,25.7110,-13.2970
TER_2364.pdb,9.7444,-9.7680
TER_2365.pdb,12.7669,-14.0860
TER_2366.pdb,21.5058,-11.0170
TER_2367.pdb,18.3477,-7.5030
TER_2368.pdb,27.1926,-23.3830
TER_2369.pdb,11.6959,-5.4210
TER_2370.pdb,21.5118,-7.5180
TER_2371.pdb,25.0357,-6.9860
TER_2372.pdb,18.5785,-9.4570
TER_2373.pdb,41.9281,-4.1350
TER_2374.pdb,12.6012,-10.5610
TER_2375.pdb,21.9773,-10.0290
TER_2376.pdb,19.9262,-15.7810
TER_2377.pdb,12.5084,-13.1400
TER_2378.pdb,12.5936,-10.4530
TER_2379.pdb,14.4481,-17.2870
TER_2380.pdb,24.8679,-8.1120
TER_2381.pdb,19.4045,-2.0640
TER_2382.pdb,14.5493,-10.7270
TER_2383.pdb,15.0649,-9.9350
TER_2384.pdb,13.8458,-16.0020
TER_2385.pdb,24.0436,-5.2480
TER_2386.pdb,20.7493,-14.2470
TER_2387.pdb,27.4666,-6.1930
TER_2388.pdb,13.6117,-19.3980
TER_2389.pdb,11.2691,-7.8610
TER_2390.pdb,19.0944,-14.7660
TER_2391.pdb,10.4691,-8.7370
TER_2392.pdb,20.3251,-14.5990
TER_2393.pdb,22.5985,-5.1100
TER_2394.pdb,9.9804,-11.0600
TER_2395.pdb,15.8528,-16.2760
TER_2396.pdb,23.4245,-8.7080
TER_2397.pdb,11.6846,-12.4940
TER_2398.pdb,25.8665,-12.5600
TER_2399.pdb,18.3759,-8.0170
TER_2400.pdb,29.5613,-13.5630
TER_2401.pdb,19.1074,-9.3800
TER_2402.pdb,12.1162,-14.9700
TER_2403.pdb,17.1637,-15.2050
TER_2404.pdb,21.0388,-9.2780
TER_2405.pdb,17.1384,-15.8110
TER_2406.pdb,15.0663,-12.9260
TER_2407.pdb,11.5149,-15.7960
TER_2408.pdb,17.0162,-7.5940
TER_2409.pdb,22.2763,-9.2770
TER_2410.pdb,17.1421,-12.9310
TER_2411.pdb,12.5364,-17.3020
TER_2412.pdb,11.2480,-8.7530
TER_2413.pdb,36.9508,0.0000
TER_2414.pdb,21.7775,-8.0000
TER_2415.pdb,24.0301,-7.9610
TER_2416.pdb,16.4250,-12.6570
TER_2417.pdb,11.5824,-11.6800
TER_2418.pdb,40.2648,-4.8630
TER_2419.pdb,23.0193,-8.8590
TER_2420.pdb,22.8092,-17.6110
TER_2421.pdb,28.5573,-7.6820
TER_2422.pdb,22.4173,-10.3770
TER_2423.pdb,14.4000,-15.3980
TER_2424.pdb,22.0001,-7.7210
TER_2425.pdb,17.6556,-12.2000
TER_2426.pdb,14.8878,-9.0180
TER_2427.pdb,45.1327,-2.3370
TER_2428.pdb,15.1561,-11.8690
TER_2429.pdb,14.7779,-10.0620
TER_2430.pdb,11.4666,-17.4320
TER_2431.pdb,24.8733,-5.7840
TER_2432.pdb,16.0510,-17.0600
TER_2433.pdb,18.9497,-8.5340
TER_2434.pdb,23.7582,-16.4770
TER_2435.pdb,100.4498,0.0000
TER_2436.pdb,17.9501,-8.4290
TER_2437.pdb,20.7104,-11.2120
TER_2438.pdb,15.4322,-11.4030
TER_2439.pdb,16.7856,-15.0860
TER_2440.pdb,51.1943,-0.0460
TER_2441.pdb,15.0642,-13.4430
TER_2442.pdb,22.6653,-4.9370
TER_2443.pdb,12.9923,-17.2880
TER_2444.pdb,18.5594,-4.1680
TER_2445.pdb,22.3654,-10.2620
TER_2446.pdb,27.4254,-5.0910
TER_2447.pdb,11.3342,-10.7150
TER_2448.pdb,15.6186,-1.1570
TER_2449.pdb,23.2482,-6.1320
TER_2450.pdb,13.0152,-10.7550
TER_2451.pdb,13.6613,-10.9800
TER_2452.pdb,12.8867,-11.1400
TER_2453.pdb,20.3142,-2.5450
TER_2454.pdb,23.0422,-12.0540
TER_2455.pdb,13.0160,-13.5150
TER_2456.pdb,10.6437,-8.1630
TER_2457.pdb,22.5494,-16.4550
TER_2458.pdb,11.0756,-10.0520
TER_2459.pdb,12.4766,-16.0040
TER_2460.pdb,10.4469,-19.8930
TER_2461.pdb,19.2816,-9.2970
TER_2462.pdb,14.5482,-14.8110
TER_2463.pdb,15.9714,-7.7390
TER_2464.pdb,23.0769,-13.7400
TER_2465.pdb,15.6009,-13.2280
TER_2466.pdb,10.3796,-13.7930
TER_2467.pdb,19.6908,-0.2530
TER_2468.pdb,14.3870,-11.0090
TER_2469.pdb,13.9971,-11.7720
TER_2470.pdb,13.0218,-8.7480
TER_2471.pdb,15.0740,-15.7070
TER_2472.pdb,21.3551,-10.2530
TER_2473.pdb,21.8331,-11.2970
TER_2474.pdb,13.8370,-11.0800
TER_2475.pdb,23.3481,-9.0220
TER_2476.pdb,14.1304,-22.2890
TER_2477.pdb,14.1407,-8.7520
TER_2478.pdb,27.0638,-15.1110
TER_2479.pdb,22.6827,-10.8450
TER_2480.pdb,20.7081,-8.9190
TER_2481.pdb,26.0673,-9.6160
TER_2482.pdb,16.2177,-10.4270
TER_2483.pdb,21.6421,-13.6240
TER_2484.pdb,11.2886,-14.0190
TER_2485.pdb,16.6545,-13.1670
TER_2486.pdb,25.2728,-7.3460
TER_2487.pdb,9.7605,-16.0140
TER_2488.pdb,15.6545,-14.4710
TER_2489.pdb,11.6465,-17.6670
TER_2490.pdb,10.5124,-9.8570
TER_2491.pdb,12.2631,-14.1560
TER_2492.pdb,20.1105,-5.4530
TER_2493.pdb,12.3872,-21.7280
TER_2494.pdb,18.2014,-11.1650
TER_2495.pdb,23.5678,-5.6970
TER_2496.pdb,9.8280,-13.6910
TER_2497.pdb,16.9906,-8.5070
TER_2498.pdb,15.0559,-12.9650
TER_2499.pdb,18.0734,-0.4170
TER_2500.pdb,12.7772,-17.0280
TER_2501.pdb,18.2744,-12.0680
TER_2502.pdb,17.7346,-10.2010
TER_2503.pdb,33.0088,-4.2670
TER_2504.pdb,11.7567,-15.0560
TER_2505.pdb,16.0466,-12.4460
TER_2506.pdb,14.6293,-14.2900
TER_2507.pdb,13.7638,-10.4760
TER_2508.pdb,10.7050,-13.6360
TER_2509.pdb,11.3876,-12.9660
TER_2510.pdb,21.6186,-15.7160
TER_2511.pdb,22.0557,-7.5510
TER_2512.pdb,22.2248,-11.0670
TER_2513.pdb,12.8880,-10.9270
TER_2514.pdb,20.4530,-16.0270
TER_2515.pdb,29.8289,-1.5410
TER_2516.pdb,22.7218,-17.5010
TER_2517.pdb,10.7830,-12.1190
TER_2518.pdb,11.6510,-15.0380
TER_2519.pdb,21.6313,-13.3280
TER_2520.pdb,17.3817,-8.1960
TER_2521.pdb,23.0716,-0.3440
TER_2522.pdb,17.6246,-12.7260
TER_2523.pdb,17.0637,-12.3990
TER_2524.pdb,24.5578,-18.4000
TER_2525.pdb,22.5327,-9.6770
TER_2526.pdb,11.1006,-14.4700
TER_2527.pdb,12.5111,-17.3310
TER_2528.pdb,19.0229,-8.0200
TER_2529.pdb,11.4936,-16.1700
TER_2530.pdb,12.5933,-15.1790
TER_2531.pdb,12.0792,-21.8040
TER_2532.pdb,47.8080,0.0000
TER_2533.pdb,11.7898,-12.4240
TER_2534.pdb,14.9946,-16.2900
TER_2535.pdb,23.7975,-11.2750
TER_2536.pdb,16.2218,-18.7340
TER_2537.pdb,11.8830,-12.9420
TER_2538.pdb,11.4821,-12.8200
TER_2539.pdb,13.0244,-14.0510
TER_2540.pdb,25.2135,-15.4040
TER_2541.pdb,18.2537,-11.2130
TER_2542.pdb,22.5447,-3.6910
TER_2543.pdb,21.2743,-13.7670
TER_2544.pdb,15.5393,-14.7580
TER_2545.pdb,35.9966,-11.5660
TER_2546.pdb,30.7984,-0.0700
TER_2547.pdb,17.7123,-17.4950
TER_2548.pdb,14.6314,-8.0910
TER_2549.pdb,16.8532,-25.6000
TER_2550.pdb,10.0617,-13.6430
TER_2551.pdb,12.0143,-11.6670
TER_2552.pdb,16.8406,-13.8370
TER_2553.pdb,25.1585,-2.4990
TER_2554.pdb,38.8933,0.0000
TER_2555.pdb,17.6551,-11.9330
TER_2556.pdb,15.9323,-10.6990
TER_2557.pdb,15.7669,-7.8620
TER_2558.pdb,14.6083,-15.8550
TER_2559.pdb,10.3047,-12.8940
TER_2560.pdb,11.6981,-11.7290
TER_2561.pdb,23.5650,-8.6530
TER_2562.pdb,10.8517,-7.2320
TER_2563.pdb,14.4881,-7.5270
TER_2564.pdb,24.1982,-0.3690
TER_2565.pdb,29.7291,-13.1950
TER_2566.pdb,24.0674,-7.4910
TER_2567.pdb,13.4187,-6.4920
TER_2568.pdb,14.1385,-9.4350
TER_2569.pdb,15.8775,-18.3160
TER_2570.pdb,15.0963,-19.1220
TER_2571.pdb,31.5650,-7.5080
TER_2572.pdb,10.9840,-9.6480
TER_2573.pdb,18.3066,-10.2440
TER_2574.pdb,15.8000,-6.5070
TER_2575.pdb,15.7040,-11.2360
TER_2576.pdb,37.6370,0.0000
TER_2577.pdb,22.8576,-10.1970
TER_2578.pdb,17.3205,-9.5970
TER_2579.pdb,18.6601,-21.1990
TER_2580.pdb,12.3436,-13.4380
TER_2581.pdb,17.5345,-16.3490
TER_2582.pdb,14.2210,-17.8220
TER_2583.pdb,16.5702,-15.7450
TER_2584.pdb,12.1219,-13.3590
TER_2585.pdb,25.8646,-0.0010
TER_2586.pdb,15.0765,-15.0640
TER_2587.pdb,25.0489,-6.8280
TER_2588.pdb,17.2279,-8.8860
TER_2589.pdb,22.3338,-15.8020
TER_2590.pdb,13.4892,-13.4280
TER_2591.pdb,15.7328,-16.1090
TER_2592.pdb,19.8550,-8.3730
TER_2593.pdb,24.6974,-9.4350
TER_2594.pdb,21.5857,-19.7300
TER_2595.pdb,12.3733,-13.2680
TER_2596.pdb,21.5279,-9.4860
TER_2597.pdb,26.3597,-10.0480
TER_2598.pdb,18.1974,-9.5750
TER_2599.pdb,19.6960,-10.6250
TER_2600.pdb,17.1958,-7.9840
TER_2601.pdb,11.4131,-17.2460
TER_2602.pdb,12.8459,-17.7380
TER_2603.pdb,23.0712,-4.1050
TER_2604.pdb,21.0408,-8.0700
TER_2605.pdb,15.1867,-13.5410
TER_2606.pdb,18.4359,-7.3690
TER_2607.pdb,18.6278,-6.3290
TER_2608.pdb,18.8050,-9.8740
TER_2609.pdb,14.0466,-15.8600
TER_2610.pdb,16.2746,-11.3380
TER_2611.pdb,25.6011,-3.5960
TER_2612.pdb,11.5681,-18.4560
TER_2613.pdb,11.6012,-11.7430
TER_2614.pdb,13.5926,-16.4450
TER_2615.pdb,11.0174,-14.4970
TER_2616.pdb,14.6280,-8.3530
TER_2617.pdb,16.5030,-13.1480
TER_2618.pdb,12.8473,-11.0330
TER_2619.pdb,19.9748,-11.7790
TER_2620.pdb,18.2175,-11.9690
TER_2621.pdb,10.5539,-13.0780
TER_2622.pdb,16.6391,-10.8430
TER_2623.pdb,14.7105,-14.5600
TER_2624.pdb,14.5420,-15.8380
TER_2625.pdb,11.9185,-13.5080
TER_2626.pdb,14.9138,-12.6850
TER_2627.pdb,24.3666,-9.7020
TER_2628.pdb,11.3279,-13.5460
TER_2629.pdb,23.9506,-6.2590
TER_2630.pdb,22.6253,-2.7950
TER_2631.pdb,18.3925,-10.5320
TER_2632.pdb,14.0536,-5.9710
TER_2633.pdb,18.6845,-8.6370
TER_2634.pdb,14.7714,-14.0820
TER_2635.pdb,15.9304,-8.9950
TER_2636.pdb,45.9123,0.0000
TER_2637.pdb,12.3254,-14.5730
TER_2638.pdb,15.6195,-10.4590
TER_2639.pdb,15.8891,-0.7090
TER_2640.pdb,11.3276,-13.2380
TER_2641.pdb,11.9489,-14.6290
TER_2642.pdb,20.7723,-16.8640
TER_2643.pdb,19.5135,-9.9640
TER_2644.pdb,21.3569,-8.6870
TER_2645.pdb,21.1304,-6.0380
TER_2646.pdb,16.3046,-14.3520
TER_2647.pdb,14.4103,-12.2460
TER_2648.pdb,18.4753,-13.5140
TER_2649.pdb,19.4042,-4.2260
TER_2650.pdb,27.1688,-1.8240
TER_2651.pdb,18.0484,-12.8460
TER_2652.pdb,26.5412,-7.3040
TER_2653.pdb,20.6165,-10.9670
TER_2654.pdb,28.1876,-18.3080
TER_2655.pdb,11.6834,-9.4420
TER_2656.pdb,9.5585,-19.1030
TER_2657.pdb,10.8769,-10.6070
TER_2658.pdb,15.6207,-13.5960
TER_2659.pdb,11.4706,-11.4220
TER_2660.pdb,11.9568,-17.9740
TER_2661.pdb,13.1812,-12.8350
TER_2662.pdb,16.0944,-9.8300
TER_2663.pdb,15.7386,-12.1040
TER_2664.pdb,14.6081,-16.6380
TER_2665.pdb,18.5280,-12.4860
TER_2666.pdb,18.7338,-10.6630
TER_2667.pdb,18.0157,-12.6600
TER_2668.pdb,14.4053,-10.7640
TER_2669.pdb,18.8320,-8.3500
TER_2670.pdb,33.7766,-0.0880
TER_2671.pdb,28.8883,-1.3000
TER_2672.pdb,20.7272,-4.0780
TER_2673.pdb,13.2192,-16.2730
TER_2674.pdb,16.7700,-5.7970
TER_2675.pdb,15.6036,-13.1980
TER_2676.pdb,15.0846,-18.7590
TER_2677.pdb,21.8833,-8.8720
TER_2678.pdb,18.0889,-11.3690
TER_2679.pdb,14.2381,-9.5070
TER_2680.pdb,15.3845,-12.9690
TER_2681.pdb,10.2786,-13.4190
TER_2682.pdb,13.6714,-13.0520
TER_2683.pdb,17.0766,-7.0620
TER_2684.pdb,17.5069,-14.7510
TER_2685.pdb,9.3992,-14.9310
TER_2686.pdb,24.7359,-21.1410
TER_2687.pdb,21.7080,-19.2240
TER_2688.pdb,19.7939,-10.1350
TER_2689.pdb,42.7076,-0.3890
TER_2690.pdb,16.8236,-12.1920
TER_2691.pdb,20.4267,-12.3620
TER_2692.pdb,13.7860,-11.7680
TER_2693.pdb,18.8644,-12.2760
TER_2694.pdb,11.5744,-5.6570
TER_2695.pdb,12.8345,-14.1610
TER_2696.pdb,22.9292,-7.5630
TER_2697.pdb,10.9950,-14.1150
TER_2698.pdb,13.8783,-16.2820
TER_2699.pdb,18.2232,-11.0380
TER_2700.pdb,17.0525,-14.7440
TER_2701.pdb,15.7190,-13.2750
TER_2702.pdb,16.2784,-14.1360
TER_2703.pdb,22.1049,-9.8180
TER_2704.pdb,20.8186,-8.9130
TER_2705.pdb,25.3569,-4.6090
TER_2706.pdb,16.9271,-22.0830
TER_2707.pdb,21.8997,-7.5110
TER_2708.pdb,17.8161,-11.0380
TER_2709.pdb,14.9399,-11.2810
TER_2710.pdb,21.2024,-12.5590
TER_2711.pdb,16.2328,-9.2490
TER_2712.pdb,48.0562,0.0000
TER_2713.pdb,12.4917,-14.9730
TER_2714.pdb,12.1576,-12.1680
TER_2715.pdb,15.0291,-13.2460
TER_2716.pdb,27.4066,-7.8700
TER_2717.pdb,24.8926,-6.8040
TER_2718.pdb,12.2905,-11.9400
TER_2719.pdb,20.1504,-17.6280
TER_2720.pdb,10.8850,-11.6170
TER_2721.pdb,13.2098,-11.6680
TER_2722.pdb,16.1246,-9.8290
TER_2723.pdb,11.1612,-11.0390
TER_2724.pdb,18.7137,-12.5300
TER_2725.pdb,25.7621,-0.1090
TER_2726.pdb,12.8249,-14.6030
TER_2727.pdb,15.0626,-11.1180
TER_2728.pdb,44.6686,0.0000
TER_2729.pdb,10.7518,-9.4150
TER_2730.pdb,28.6951,-6.2560
TER_2731.pdb,15.1318,-4.9300
TER_2732.pdb,17.3437,-12.4700
TER_2733.pdb,17.7145,-7.5680
TER_2734.pdb,20.3277,-4.0760
TER_2735.pdb,14.3919,-21.8180
TER_2736.pdb,13.7353,-12.4060
TER_2737.pdb,16.5253,-12.0610
TER_2738.pdb,15.5427,-8.7970
TER_2739.pdb,11.4268,-18.9650
TER_2740.pdb,15.3093,-12.3670
TER_2741.pdb,23.4717,-2.7990
TER_2742.pdb,15.1798,-6.5920
TER_2743.pdb,15.8094,-9.7360
TER_2744.pdb,19.7239,-9.4350
TER_2745.pdb,12.7583,-10.1660
TER_2746.pdb,18.3460,-11.4800
TER_2747.pdb,20.8377,-9.7400
TER_2748.pdb,14.7024,-9.3230
TER_2749.pdb,34.1450,-11.2430
TER_2750.pdb,31.0404,-0.8220
TER_2751.pdb,22.5717,-17.3320
TER_2752.pdb,12.7752,-6.6460
TER_2753.pdb,15.9337,-11.7100
TER_2754.pdb,28.5873,-14.4020
TER_2755.pdb,20.4929,-19.5600
TER_2756.pdb,14.0337,-9.7750
TER_2757.pdb,18.4347,-7.0560
TER_2758.pdb,13.9905,-8.4330
TER_2759.pdb,21.2864,-15.7780
TER_2760.pdb,29.0322,-8.5660
TER_2761.pdb,23.5384,-6.7750
TER_2762.pdb,21.5234,-22.4540
TER_2763.pdb,12.0669,-7.1390
TER_2764.pdb,14.8253,-9.1940
TER_2765.pdb,12.7450,-5.9620
TER_2766.pdb,14.0057,-15.3900
TER_2767.pdb,25.4622,-13.2500
TER_2768.pdb,25.5807,-3.8170
TER_2769.pdb,20.9190,-11.8430
TER_2770.pdb,21.2070,-8.9040
TER_2771.pdb,17.8309,-9.4740
TER_2772.pdb,16.5692,-18.8480
TER_2773.pdb,21.2374,-10.3700
TER_2774.pdb,24.4156,-9.5740
TER_2775.pdb,11.3355,-15.3460
TER_2776.pdb,18.7844,-11.8100
TER_2777.pdb,21.9708,-18.0570
TER_2778.pdb,39.6546,-4.5370
TER_2779.pdb,21.7848,-8.2620
TER_2780.pdb,10.7936,-12.7520
TER_2781.pdb,17.5561,-9.3970
TER_2782.pdb,16.9802,-12.4970
TER_2783.pdb,22.9781,-5.4590
TER_2784.pdb,15.4274,-4.9650
TER_2785.pdb,14.1486,-11.4980
TER_2786.pdb,19.8331,-14.1890
TER_2787.pdb,26.4160,-5.5060
TER_2788.pdb,15.4401,-10.5780
TER_2789.pdb,22.9440,-15.5100
TER_2790.pdb,24.1718,-5.7160
TER_2791.pdb,16.3746,-11.6360
TER_2792.pdb,17.7383,-12.1080
TER_2793.pdb,14.7975,-8.1960
TER_2794.pdb,23.0520,-9.4160
TER_2795.pdb,20.1343,-8.8310
TER_2796.pdb,17.2026,-12.8260
TER_2797.pdb,30.3333,-7.4610
TER_2798.pdb,13.7126,-15.8040
TER_2799.pdb,23.2884,-10.1040
TER_2800.pdb,14.0550,-17.7250
TER_2801.pdb,21.3118,-17.1850
TER_2802.pdb,15.3450,-11.8880
TER_2803.pdb,14.5307,-18.5470
TER_2804.pdb,55.3730,0.0000
TER_2805.pdb,14.7916,-16.0070
TER_2806.pdb,16.3043,-20.3820
TER_2807.pdb,14.4816,-9.4180
TER_2808.pdb,22.2712,-11.7460
TER_2809.pdb,17.7343,-10.4860
TER_2810.pdb,12.2740,-11.7510
TER_2811.pdb,13.1997,-11.3540
TER_2812.pdb,12.5041,-12.8430
TER_2813.pdb,13.3089,-12.4060
TER_2814.pdb,18.5436,-8.4980
TER_2815.pdb,24.3046,-7.2690
TER_2816.pdb,11.8992,-13.4620
TER_2817.pdb,14.6441,-9.4670
TER_2818.pdb,22.3602,-5.5100
TER_2819.pdb,14.7520,-14.0260
TER_2820.pdb,23.3140,-0.0290
TER_2821.pdb,13.0479,-11.9960
TER_2822.pdb,16.2492,-15.3070
TER_2823.pdb,15.2441,-14.0410
TER_2824.pdb,16.0568,-14.7590
TER_2825.pdb,15.6396,-12.9030
TER_2826.pdb,13.3140,-12.1060
TER_2827.pdb,11.6395,-10.6340
TER_2828.pdb,16.1756,-15.7040
TER_2829.pdb,16.4156,-13.1920
TER_2830.pdb,12.4739,-10.2730
TER_2831.pdb,22.4298,-9.8700
TER_2832.pdb,15.0921,-15.3600
TER_2833.pdb,11.6586,-19.2380
TER_2834.pdb,22.2881,-11.3660
TER_2835.pdb,13.7372,-17.8370
TER_2836.pdb,17.2717,-10.9900
TER_2837.pdb,14.3353,-16.6940
TER_2838.pdb,16.6988,-13.1400
TER_2839.pdb,16.4283,-24.4990
TER_2840.pdb,20.7177,-15.9110
TER_2841.pdb,14.1494,-5.6930
TER_2842.pdb,14.5923,-5.6880
TER_2843.pdb,43.1753,0.0000
TER_2844.pdb,20.4209,-15.5450
TER_2845.pdb,13.7736,-12.6260
TER_2846.pdb,16.7514,-3.9370
TER_2847.pdb,14.9607,-12.2120
TER_2848.pdb,13.7016,-14.8970
TER_2849.pdb,18.6418,-8.2820
TER_2850.pdb,16.5564,-12.5880
TER_2851.pdb,11.8146,-11.0050
TER_2852.pdb,16.7193,-5.2200
TER_2853.pdb,15.3396,-14.8350
TER_2854.pdb,16.2324,-9.2300
TER_2855.pdb,13.7482,-15.2560
TER_2856.pdb,15.9582,-9.5750
TER_2857.pdb,19.5362,-12.2510
TER_2858.pdb,12.1591,-7.3900
TER_2859.pdb,23.7007,-15.4690
TER_2860.pdb,19.1454,-16.9980
TER_2861.pdb,14.6232,-4.1950
TER_2862.pdb,21.2161,-15.0360
TER_2863.pdb,17.6904,-13.5690
TER_2864.pdb,17.6276,-11.7470
TER_2865.pdb,45.2322,0.0000
TER_2866.pdb,23.3801,-7.4980
TER_2867.pdb,15.9400,-9.7590
TER_2868.pdb,17.4376,-13.0060
TER_2869.pdb,24.6084,-7.5260
TER_2870.pdb,22.0979,-6.9240
TER_2871.pdb,21.7223,-8.6490
TER_2872.pdb,16.0272,-11.3130
TER_2873.pdb,15.4231,-12.0340
TER_2874.pdb,18.3824,-19.5830
TER_2875.pdb,22.4048,-6.8740
TER_2876.pdb,15.0743,-8.7560
TER_2877.pdb,19.6929,-14.7500
TER_2878.pdb,10.9258,-13.2260
TER_2879.pdb,12.1162,-24.7150
TER_2880.pdb,14.6637,-14.5070
TER_2881.pdb,16.6651,-6.1530
TER_2882.pdb,27.0602,-9.8370
TER_2883.pdb,17.3794,-14.2040
TER_2884.pdb,19.0648,-11.5790
TER_2885.pdb,10.3242,-13.4630
TER_2886.pdb,14.8258,-11.8360
TER_2887.pdb,26.4829,-10.3040
TER_2888.pdb,29.4123,-8.8780
TER_2889.pdb,17.5066,-8.5020
TER_2890.pdb,24.4951,-9.2650
TER_2891.pdb,20.8459,-9.9650
TER_2892.pdb,22.3318,-10.7710
TER_2893.pdb,19.4157,-10.2180
TER_2894.pdb,15.5060,-15.7500
TER_2895.pdb,14.5556,-15.5900
TER_2896.pdb,48.7467,0.0000
TER_2897.pdb,16.5825,-14.5630
TER_2898.pdb,20.3904,-10.5360
TER_2899.pdb,18.2382,-8.0600
TER_2900.pdb,23.7872,-7.2380
TER_2901.pdb,20.0238,-2.7490
TER_2902.pdb,20.2913,-18.5130
TER_2903.pdb,16.8225,-12.5480
TER_2904.pdb,16.8270,-9.0450
TER_2905.pdb,20.7003,-18.0930
TER_2906.pdb,18.5657,-2.8080
TER_2907.pdb,14.4514,-20.6690
TER_2908.pdb,16.7131,-13.0460
TER_2909.pdb,17.8492,-8.5720
TER_2910.pdb,21.1870,-8.4160
TER_2911.pdb,21.2292,-7.6670
TER_2912.pdb,11.9014,-12.1090
TER_2913.pdb,44.4344,0.0000
TER_2914.pdb,20.0981,-14.9560
TER_2915.pdb,11.6811,-9.6980
TER_2916.pdb,11.8568,-14.1940
TER_2917.pdb,15.5604,-14.5270
TER_2918.pdb,19.2724,-17.8990
TER_2919.pdb,20.4014,-8.4500
TER_2920.pdb,27.7122,-15.6940
TER_2921.pdb,12.3148,-9.4470
TER_2922.pdb,20.9011,-9.0730
TER_2923.pdb,15.3347,-11.4290
TER_2924.pdb,25.4339,-15.3340
TER_2925.pdb,10.7201,-17.8840
TER_2926.pdb,18.4078,-9.6670
TER_2927.pdb,19.2217,-11.5350
TER_2928.pdb,16.2798,-10.0020
TER_2929.pdb,20.5034,-15.5980
TER_2930.pdb,26.4368,-4.2580
TER_2931.pdb,21.0184,-18.6420
TER_2932.pdb,38.9535,0.0000
TER_2933.pdb,24.1843,-8.0170
TER_2934.pdb,18.6480,-6.1930
TER_2935.pdb,19.6212,-10.9120
TER_2936.pdb,13.1105,-6.3390
TER_2937.pdb,12.2894,-11.9420
TER_2938.pdb,10.8082,-17.4650
TER_2939.pdb,12.1276,-15.8090
TER_2940.pdb,25.9942,-22.7530
TER_2941.pdb,23.8246,-6.9500
TER_2942.pdb,12.4733,-13.2280
TER_2943.pdb,17.0646,-13.0920
TER_2944.pdb,14.0730,-18.3700
TER_2945.pdb,18.3267,-12.0420
TER_2946.pdb,20.1674,-14.7720
TER_2947.pdb,12.9913,-10.9880
TER_2948.pdb,18.5408,-13.3390
TER_2949.pdb,13.8768,-14.6330
TER_2950.pdb,12.0836,-13.2210
TER_2951.pdb,16.4078,-7.1460
TER_2952.pdb,17.0810,-14.1970
TER_2953.pdb,26.8980,-0.5760
TER_2954.pdb,12.9843,-11.5660
TER_2955.pdb,18.7706,-5.0870
TER_2956.pdb,22.7737,-7.7610
TER_2957.pdb,13.6150,-12.4350
TER_2958.pdb,14.3375,-11.1790
TER_2959.pdb,12.4256,-5.6730
TER_2960.pdb,12.6927,-23.5380
TER_2961.pdb,31.3614,-11.2350
TER_2962.pdb,11.7323,-12.5690
TER_2963.pdb,25.3279,-3.2690
TER_2964.pdb,19.3769,-13.2580
TER_2965.pdb,10.6113,-8.7030
TER_2966.pdb,23.2103,-12.8440
TER_2967.pdb,11.3165,-11.9130
TER_2968.pdb,20.8425,-12.5670
TER_2969.pdb,12.4755,-11.2160
TER_2970.pdb,18.5010,-12.8450
TER_2971.pdb,15.4024,-5.4780
TER_2972.pdb,16.0075,-7.5310
TER_2973.pdb,17.4369,-7.7620
TER_2974.pdb,12.0302,-16.3000
TER_2975.pdb,12.6313,-12.2890
TER_2976.pdb,14.5820,-13.1030
TER_2977.pdb,15.6300,-13.3990
TER_2978.pdb,19.1261,-14.2840
TER_2979.pdb,11.2524,-12.6610
TER_2980.pdb,21.3481,-8.8940
TER_2981.pdb,12.1404,-15.1400
TER_2982.pdb,23.4410,-10.3090
TER_2983.pdb,15.8806,-11.8760
TER_2984.pdb,16.8941,-13.4770
TER_2985.pdb,15.1423,-12.7410
TER_2986.pdb,17.7401,-14.3060
TER_2987.pdb,14.1398,-22.5790
TER_2988.pdb,12.5139,-13.6070
TER_2989.pdb,25.3182,-11.4690
TER_2990.pdb,11.7203,-15.8960
TER_2991.pdb,22.7854,-12.8140
TER_2992.pdb,13.5707,-8.1550
TER_2993.pdb,20.0403,-14.7500
TER_2994.pdb,10.4683,-11.8220
TER_2995.pdb,26.9486,-9.1530
TER_2996.pdb,14.5083,-19.3690
TER_2997.pdb,17.8581,-8.4870
TER_2998.pdb,13.6431,-12.2580
TER_2999.pdb,11.6307,-18.8970
TER_3000.pdb,20.9732,-13.3260
TER_3001.pdb,11.4776,-17.2290
TER_3002.pdb,38.0339,0.0000
TER_3003.pdb,19.6981,-12.8980
TER_3004.pdb,22.1720,-9.0290
TER_3005.pdb,33.0461,0.0000
TER_3006.pdb,17.6521,-12.8400
TER_3007.pdb,21.2098,-20.7510
TER_3008.pdb,17.6310,-9.5700
TER_3009.pdb,23.3349,-2.9370
TER_3010.pdb,18.1333,-6.2940
TER_3011.pdb,22.8801,-11.8460
TER_3012.pdb,12.4469,-9.1340
TER_3013.pdb,11.7488,-16.8230
TER_3014.pdb,19.2645,-10.7700
TER_3015.pdb,15.0171,-11.7970
TER_3016.pdb,13.2558,-12.7750
TER_3017.pdb,15.3178,-11.9120
TER_3018.pdb,15.9391,-12.5430
TER_3019.pdb,12.8149,-13.6820
TER_3020.pdb,26.5633,-3.7120
TER_3021.pdb,24.5863,-16.3640
TER_3022.pdb,19.8487,-9.3980
TER_3023.pdb,12.9919,-8.0370
TER_3024.pdb,19.1087,-8.3630
TER_3025.pdb,19.5371,-13.7660
TER_3026.pdb,26.0017,-6.3600
TER_3027.pdb,14.6564,-11.2530
TER_3028.pdb,15.0882,-11.6910
TER_3029.pdb,22.8251,-12.3920
TER_3030.pdb,58.2518,0.0000
TER_3031.pdb,15.6168,-7.2430
TER_3032.pdb,15.4206,-14.8430
TER_3033.pdb,10.2816,-7.9310
TER_3034.pdb,14.9312,-13.2440
TER_3035.pdb,11.4886,-13.5130
TER_3036.pdb,20.8997,-11.7230
TER_3037.pdb,18.6597,-11.3140
TER_3038.pdb,24.3230,-5.7750
TER_3039.pdb,13.8435,-12.1200
TER_3040.pdb,18.2755,-15.6640
TER_3041.pdb,15.0100,-7.1770
TER_3042.pdb,15.3546,-12.9390
TER_3043.pdb,31.2714,-15.9610
TER_3044.pdb,11.2052,-11.6690
TER_3045.pdb,27.1148,-13.7070
TER_3046.pdb,13.4402,-8.4810
TER_3047.pdb,27.2756,0.0000
TER_3048.pdb,15.2028,-11.3300
TER_3049.pdb,18.1623,-12.2780
TER_3050.pdb,13.5255,-14.3590
TER_3051.pdb,25.3619,-4.9970
TER_3052.pdb,24.0619,-1.1560
TER_3053.pdb,14.9630,-11.1290
TER_3054.pdb,15.6682,-10.6790
TER_3055.pdb,20.5530,-7.0970
TER_3056.pdb,10.2360,-14.1020
TER_3057.pdb,11.7620,-17.4040
TER_3058.pdb,12.1953,-7.3600
TER_3059.pdb,13.8571,-12.1480
TER_3060.pdb,17.7141,-20.8860
TER_3061.pdb,14.9776,-20.6430
TER_3062.pdb,12.7999,-14.4550
TER_3063.pdb,50.1514,-4.5260
TER_3064.pdb,26.0671,-16.8330
TER_3065.pdb,29.1100,-13.4290
TER_3066.pdb,12.8675,-12.1250
TER_3067.pdb,13.0961,-17.7380
TER_3068.pdb,20.0129,-10.4270
TER_3069.pdb,11.4672,-11.6580
TER_3070.pdb,18.3985,-6.1350
TER_3071.pdb,23.0371,-11.6780
TER_3072.pdb,15.7606,-19.7750
TER_3073.pdb,21.7057,-6.2430
TER_3074.pdb,17.9154,-13.6020
TER_3075.pdb,17.8766,-16.3740
TER_3076.pdb,15.1561,-13.3230
TER_3077.pdb,12.9816,-13.0540
TER_3078.pdb,13.5185,-9.0350
TER_3079.pdb,16.2461,-10.2130
TER_3080.pdb,25.6643,-15.9530
TER_3081.pdb,10.1769,-15.4200
TER_3082.pdb,18.9313,-1.2360
TER_3083.pdb,18.5011,-13.7760
TER_3084.pdb,14.0820,-15.0220
TER_3085.pdb,18.1254,-13.9070
TER_3086.pdb,15.7972,-15.5810
TER_3087.pdb,14.6892,-13.2550
TER_3088.pdb,13.4609,-16.3650
TER_3089.pdb,14.0625,-3.2020
TER_3090.pdb,14.2526,-6.3090
TER_3091.pdb,17.3313,-14.8540
TER_3092.pdb,14.8434,-3.5260
TER_3093.pdb,14.4924,-16.3800
TER_3094.pdb,19.0286,-13.2730
TER_3095.pdb,12.9701,-8.2350
TER_3096.pdb,17.5990,-12.1790
TER_3097.pdb,26.1830,-4.5450
TER_3098.pdb,22.1492,-15.8250
TER_3099.pdb,19.0544,0.0000
TER_3100.pdb,17.1348,-5.9240
TER_3101.pdb,13.4013,-16.9700
TER_3102.pdb,13.3594,-11.3680
TER_3103.pdb,14.4045,-15.7650
TER_3104.pdb,11.1653,-9.9420
TER_3105.pdb,16.5529,-9.5900
TER_3106.pdb,21.9688,-10.2760
TER_3107.pdb,12.6479,-9.8940
TER_3108.pdb,20.5186,-8.4790
TER_3109.pdb,13.8136,-8.9610
TER_3110.pdb,23.8404,-7.4580
TER_3111.pdb,23.1752,-2.9250
TER_3112.pdb,14.8308,-7.3250
TER_3113.pdb,19.5637,-21.0320
TER_3114.pdb,14.0548,-14.2690
TER_3115.pdb,18.9478,-9.0360
TER_3116.pdb,21.8123,-17.6380
TER_3117.pdb,13.2806,-17.8260
TER_3118.pdb,11.6414,-10.7270
TER_3119.pdb,20.7156,-12.0270
TER_3120.pdb,20.3926,-5.4000
TER_3121.pdb,26.1972,-7.8840
TER_3122.pdb,28.6970,-6.9590
TER_3123.pdb,16.0442,-10.3110
TER_3124.pdb,21.4291,-11.5320
TER_3125.pdb,16.8208,-9.6190
TER_3126.pdb,13.3339,-14.1190
TER_3127.pdb,16.6592,-16.0280
TER_3128.pdb,31.7177,0.0000
TER_3129.pdb,18.3878,-11.4950
TER_3130.pdb,10.9956,-10.6210
TER_3131.pdb,26.7421,-10.2270
TER_3132.pdb,19.6464,-6.6070
TER_3133.pdb,10.9802,-19.2600
TER_3134.pdb,15.5797,-11.3340
TER_3135.pdb,22.3542,-9.7470
TER_3136.pdb,17.0936,-6.0240
TER_3137.pdb,16.8937,-11.1170
TER_3138.pdb,19.3462,-10.9780
TER_3139.pdb,18.3934,-10.6040
TER_3140.pdb,11.0637,-11.9150
TER_3141.pdb,16.0359,-13.2850
TER_3142.pdb,14.0426,-12.6450
TER_3143.pdb,12.2001,-9.4500
TER_3144.pdb,14.7528,-16.8880
TER_3145.pdb,17.7732,-12.8190
TER_3146.pdb,16.4695,-10.9010
TER_3147.pdb,12.7961,-15.9000
TER_3148.pdb,35.6263,-2.4680
TER_3149.pdb,23.4539,-6.8690
TER_3150.pdb,14.3121,-17.8420
TER_3151.pdb,16.2529,-4.5520
TER_3152.pdb,23.1075,-5.6810
TER_3153.pdb,14.4865,-5.1970
TER_3154.pdb,23.3142,-11.2530
TER_3155.pdb,11.9503,-15.7480
TER_3156.pdb,24.1266,-7.8610
TER_3157.pdb,16.2761,-15.9160
TER_3158.pdb,22.1165,-10.0360
TER_3159.pdb,16.4188,-12.5210
TER_3160.pdb,12.7025,-14.3380
TER_3161.pdb,21.3174,-13.3580
TER_3162.pdb,15.7962,-2.2140
TER_3163.pdb,26.4328,-7.0290
TER_3164.pdb,12.5052,-14.6690
TER_3165.pdb,17.2521,-5.8010
TER_3166.pdb,19.8399,-15.1530
TER_3167.pdb,27.4833,-10.7760
TER_3168.pdb,20.2264,-6.1020
TER_3169.pdb,21.2197,-13.1630
TER_3170.pdb,25.9440,-15.0620
TER_3171.pdb,16.1318,-11.9050
TER_3172.pdb,17.2230,-11.9510
TER_3173.pdb,26.6628,-9.2160
TER_3174.pdb,25.0146,-21.5800
TER_3175.pdb,17.6511,-10.3460
TER_3176.pdb,28.0545,-2.3400
TER_3177.pdb,59.9235,0.0000
TER_3178.pdb,16.5960,-12.2650
TER_3179.pdb,15.2692,-13.1740
TER_3180.pdb,16.5244,-8.6290
TER_3181.pdb,12.5178,-16.4610
TER_3182.pdb,23.7983,-14.6220
TER_3183.pdb,25.8280,-7.9140
TER_3184.pdb,16.0707,-10.6170
TER_3185.pdb,28.8226,-6.7390
TER_3186.pdb,14.6378,-19.5010
TER_3187.pdb,25.5919,-1.3510
TER_3188.pdb,22.7744,-6.6750
TER_3189.pdb,26.5702,-7.1440
TER_3190.pdb,18.9555,-9.3070
TER_3191.pdb,16.3003,-8.6280
TER_3192.pdb,20.3578,-10.5240
TER_3193.pdb,20.4108,-11.4350
TER_3194.pdb,16.4073,-22.9210
TER_3195.pdb,17.3499,-9.5040
TER_3196.pdb,14.1834,-10.9390
TER_3197.pdb,24.5061,-15.2600
TER_3198.pdb,14.5340,-12.1640
TER_3199.pdb,23.0157,-10.0610
TER_3200.pdb,11.5146,-9.0640
TER_3201.pdb,18.0055,-19.2400
TER_3202.pdb,18.9343,-8.5900
TER_3203.pdb,15.6132,-13.0420
TER_3204.pdb,48.8853,0.0000
TER_3205.pdb,23.5877,-7.9680
TER_3206.pdb,15.9865,-6.6860
TER_3207.pdb,28.2737,-15.4520
TER_3208.pdb,13.9415,-12.3150
TER_3209.pdb,10.9251,-10.0060
TER_3210.pdb,54.8006,0.0000
TER_3211.pdb,22.5087,-14.2900
TER_3212.pdb,43.6860,0.0000
TER_3213.pdb,11.3268,-11.4790
TER_3214.pdb,25.7630,-4.5350
TER_3215.pdb,14.9281,-13.2620
TER_3216.pdb,11.3592,-11.2640
TER_3217.pdb,10.9305,-17.6140
TER_3218.pdb,17.0195,-14.0700
TER_3219.pdb,12.7663,-12.2910
TER_3220.pdb,11.9552,-17.8820
TER_3221.pdb,19.5634,-11.1450
TER_3222.pdb,16.1224,-11.7100
TER_3223.pdb,15.2282,-12.7350
TER_3224.pdb,14.7710,-15.6030
TER_3225.pdb,21.8405,-11.8810
TER_3226.pdb,157.5860,0.0000
TER_3227.pdb,14.8550,-16.5680
TER_3228.pdb,16.7776,-20.8160
TER_3229.pdb,12.1378,-16.5980
TER_3230.pdb,13.3336,-17.6670
TER_3231.pdb,16.9349,-13.9810
TER_3232.pdb,11.0681,-15.4030
TER_3233.pdb,14.4943,-6.8070
TER_3234.pdb,22.1594,-0.1480
TER_3235.pdb,12.1895,-8.8490
TER_3236.pdb,15.5653,-13.9780
TER_3237.pdb,15.6486,-10.0780
TER_3238.pdb,28.4307,-10.7110
TER_3239.pdb,11.9157,-16.2490
TER_3240.pdb,15.6637,-12.7940
TER_3241.pdb,21.3879,-12.1300
TER_3242.pdb,16.5503,-11.8060
TER_3243.pdb,20.2155,-9.0320
TER_3244.pdb,14.8431,-11.8300
TER_3245.pdb,21.7549,-12.1070
TER_3246.pdb,19.0098,-7.0680
TER_3247.pdb,13.8500,-17.3000
TER_3248.pdb,18.5455,-16.6030
TER_3249.pdb,16.0007,-13.7560
TER_3250.pdb,10.7973,-7.4440
TER_3251.pdb,12.6884,-6.7310
TER_3252.pdb,19.2718,-12.1460
TER_3253.pdb,15.0985,-17.9300
TER_3254.pdb,44.4346,-0.3840
TER_3255.pdb,32.0626,-5.2030
TER_3256.pdb,17.2435,-10.3820
TER_3257.pdb,24.6564,-7.0660
TER_3258.pdb,11.3488,-13.9400
TER_3259.pdb,19.1310,-0.8580
TER_3260.pdb,12.7169,-12.5140
TER_3261.pdb,12.5394,-6.8010
TER_3262.pdb,14.3744,-16.8550
TER_3263.pdb,16.6704,-10.5240
TER_3264.pdb,24.7139,-8.8430
TER_3265.pdb,28.2589,-4.8340
TER_3266.pdb,10.4518,-13.9020
TER_3267.pdb,16.9168,-5.2230
TER_3268.pdb,16.3567,-15.3460
TER_3269.pdb,21.5530,-13.2350
TER_3270.pdb,16.5317,-18.7320
TER_3271.pdb,11.8328,-17.3680
TER_3272.pdb,15.6156,-7.1510
TER_3273.pdb,17.9611,-10.7480
TER_3274.pdb,17.1751,-12.8520
TER_3275.pdb,22.9151,-2.8630
TER_3276.pdb,22.3401,-3.1070
TER_3277.pdb,22.4500,-8.4390
TER_3278.pdb,25.2399,-2.0620
TER_3279.pdb,18.3415,-11.9390
TER_3280.pdb,15.2182,-7.8260
TER_3281.pdb,13.3425,-14.4780
TER_3282.pdb,21.6375,-12.6700
TER_3283.pdb,12.9645,-10.8140
TER_3284.pdb,11.5491,-16.4300
TER_3285.pdb,24.1107,-12.3100
TER_3286.pdb,20.6997,-16.6030
TER_3287.pdb,15.3613,-11.2710
TER_3288.pdb,18.0036,-9.0810
TER_3289.pdb,24.5102,-9.9610
TER_3290.pdb,15.7901,-10.9430
TER_3291.pdb,20.6752,-2.7230
TER_3292.pdb,11.1204,-10.6200
TER_3293.pdb,26.3988,-15.0490
TER_3294.pdb,22.6059,-7.0720
TER_3295.pdb,15.3194,-11.3140
TER_3296.pdb,21.6589,-15.6440
TER_3297.pdb,16.0086,-8.6810
TER_3298.pdb,18.2140,-7.8650
TER_3299.pdb,34.0512,0.0000
TER_3300.pdb,22.0405,-4.1450
TER_3301.pdb,21.7842,-11.2330
TER_3302.pdb,14.8225,-14.4920
TER_3303.pdb,21.8904,-4.7230
TER_3304.pdb,11.2982,-15.5610
TER_3305.pdb,21.7297,-7.6780
TER_3306.pdb,12.6786,-16.0140
TER_3307.pdb,25.0084,-12.4870
TER_3308.pdb,12.1540,-14.7610
TER_3309.pdb,22.7394,-11.8170
TER_3310.pdb,16.6511,-11.8810
TER_3311.pdb,14.1481,-5.9330
TER_3312.pdb,11.2436,-11.2840
TER_3313.pdb,14.1302,-16.7640
TER_3314.pdb,15.5022,-16.5190
TER_3315.pdb,12.0400,-11.4440
TER_3316.pdb,25.1535,-3.9490
TER_3317.pdb,14.6462,-13.6850
TER_3318.pdb,12.4385,-14.4180
TER_3319.pdb,24.8774,-13.1670
TER_3320.pdb,11.9411,-8.0730
TER_3321.pdb,14.3744,-17.0000
TER_3322.pdb,15.0495,-16.2630
TER_3323.pdb,29.5177,-3.5260
TER_3324.pdb,17.8096,-10.8990
TER_3325.pdb,17.2240,-12.2430
TER_3326.pdb,13.1283,-8.6340
TER_3327.pdb,15.5596,-13.0780
TER_3328.pdb,22.0405,-0.1480
TER_3329.pdb,13.6291,-12.1590
TER_3330.pdb,11.8935,-11.8080
TER_3331.pdb,10.1889,-11.4860
TER_3332.pdb,14.5637,-13.5500
TER_3333.pdb,13.9769,-10.3520
TER_3334.pdb,22.9786,-5.6610
TER_3335.pdb,34.6292,0.0000
TER_3336.pdb,35.4865,-5.9720
TER_3337.pdb,25.8780,-12.2750
TER_3338.pdb,22.2253,-5.1920
TER_3339.pdb,18.2619,-19.9880
TER_3340.pdb,23.8751,-3.4480
TER_3341.pdb,13.9153,-14.8700
TER_3342.pdb,15.3054,-14.9360
TER_3343.pdb,14.7571,-12.3570
TER_3344.pdb,18.3303,-11.8960
TER_3345.pdb,18.2246,-9.7640
TER_3346.pdb,20.5290,-9.5520
TER_3347.pdb,13.0773,-13.9470
TER_3348.pdb,17.3261,-11.6740
TER_3349.pdb,21.4879,-11.2370
TER_3350.pdb,12.5892,-15.0560
TER_3351.pdb,33.5933,0.0000
TER_3352.pdb,19.2306,-11.4120
TER_3353.pdb,66.7707,0.0000
TER_3354.pdb,17.4852,-15.6890
TER_3355.pdb,18.2331,-14.3310
TER_3356.pdb,24.4539,-8.2320
TER_3357.pdb,14.1965,-8.4480
TER_3358.pdb,14.4897,-12.4260
TER_3359.pdb,15.9530,-6.6290
TER_3360.pdb,18.9121,-9.3960
TER_3361.pdb,31.5958,-1.2810
TER_3362.pdb,16.6046,-12.0940
TER_3363.pdb,19.0490,-0.3660
TER_3364.pdb,18.1612,-12.4640
TER_3365.pdb,12.5261,-16.3970
TER_3366.pdb,14.2129,-10.1660
TER_3367.pdb,11.4787,-4.0040
TER_3368.pdb,285.4908,0.0000
TER_3369.pdb,17.0889,-8.5290
TER_3370.pdb,14.8361,-15.7590
TER_3371.pdb,15.7930,-12.9240
TER_3372.pdb,17.5086,-8.9070
TER_3373.pdb,12.0884,-11.6320
TER_3374.pdb,26.9061,-6.7050
TER_3375.pdb,13.7648,-8.6750
TER_3376.pdb,22.3545,-9.9080
TER_3377.pdb,31.9427,-9.2640
TER_3378.pdb,13.5595,-16.2510
TER_3379.pdb,22.9188,-20.9640
TER_3380.pdb,10.5813,-17.6980
TER_3381.pdb,26.0056,-0.2990
TER_3382.pdb,21.8951,-2.7340
TER_3383.pdb,19.3786,-11.3690
TER_3384.pdb,14.4510,-20.6040
TER_3385.pdb,14.4980,-10.1590
TER_3386.pdb,22.7865,-0.0320
TER_3387.pdb,14.4158,-9.1400
TER_3388.pdb,15.9660,-14.5370
TER_3389.pdb,34.2554,0.0000
TER_3390.pdb,42.2178,-0.0430
TER_3391.pdb,14.9811,-13.9040
TER_3392.pdb,13.7346,-11.3970
TER_3393.pdb,21.9889,-3.7270
TER_3394.pdb,14.0745,-14.9440
TER_3395.pdb,19.2485,-5.0950
TER_3396.pdb,23.6524,-10.6300
TER_3397.pdb,21.8809,-4.8960
TER_3398.pdb,17.3556,-8.0240
TER_3399.pdb,11.4451,-14.1220
TER_3400.pdb,16.0904,-16.4900
TER_3401.pdb,18.5232,-18.2510
TER_3402.pdb,11.4625,-17.3320
TER_3403.pdb,14.9811,-13.0380
TER_3404.pdb,16.5075,-9.3950
TER_3405.pdb,15.8966,-14.1440
TER_3406.pdb,23.5417,-3.2300
TER_3407.pdb,11.3620,-17.4590
TER_3408.pdb,15.9585,-11.7930
TER_3409.pdb,19.3247,-11.0210
TER_3410.pdb,11.4083,-4.0290
TER_3411.pdb,20.6068,-14.5550
TER_3412.pdb,21.4634,-3.2270
TER_3413.pdb,20.9111,-12.9650
TER_3414.pdb,12.0044,-14.0560
TER_3415.pdb,70.0750,0.0000
TER_3416.pdb,16.5869,-10.0560
TER_3417.pdb,19.4596,-15.5850
TER_3418.pdb,23.0419,-9.5460
TER_3419.pdb,18.7507,-13.7220
TER_3420.pdb,13.7882,-11.9890
TER_3421.pdb,17.0444,-8.8960
TER_3422.pdb,14.9489,-14.8430
TER_3423.pdb,25.9037,-17.5880
TER_3424.pdb,24.3655,-17.2680
TER_3425.pdb,14.0308,-11.1210
TER_3426.pdb,22.8300,-10.9470
TER_3427.pdb,23.0209,-7.9920
TER_3428.pdb,12.7007,-9.0100
TER_3429.pdb,35.2479,-8.3420
TER_3430.pdb,23.4475,-2.8040
TER_3431.pdb,11.5592,-18.0770
TER_3432.pdb,11.5996,-16.6580
TER_3433.pdb,29.1438,-11.4600
TER_3434.pdb,14.6757,-21.6620
TER_3435.pdb,26.0876,-6.8650
TER_3436.pdb,20.6676,-12.5630
TER_3437.pdb,34.7230,-16.9140
TER_3438.pdb,22.4551,-1.7310
TER_3439.pdb,22.4130,-12.2730
TER_3440.pdb,20.4702,-12.1930
TER_3441.pdb,22.2425,-17.6010
TER_3442.pdb,12.9795,-16.2220
TER_3443.pdb,40.2505,0.0000
TER_3444.pdb,12.3555,-2.1070
TER_3445.pdb,14.3154,-14.1150
TER_3446.pdb,16.1648,-11.6320
TER_3447.pdb,16.1542,-12.1640
TER_3448.pdb,14.3421,-15.2720
TER_3449.pdb,22.2146,-15.9320
TER_3450.pdb,14.6737,-13.6070
TER_3451.pdb,15.4250,-14.8470
TER_3452.pdb,23.3716,-6.8570
TER_3453.pdb,20.8311,-10.1140
TER_3454.pdb,18.3037,-3.3270
TER_3455.pdb,23.6364,-6.0220
TER_3456.pdb,17.2076,-19.0990
TER_3457.pdb,15.9364,-8.5890
TER_3458.pdb,19.6084,-11.4420
TER_3459.pdb,14.5047,-18.7630
TER_3460.pdb,21.5664,-8.0250
TER_3461.pdb,19.7214,-9.1540
TER_3462.pdb,18.4671,-14.7580
TER_3463.pdb,39.4466,0.0000
TER_3464.pdb,14.4957,-6.2600
TER_3465.pdb,21.7399,-11.4030
TER_3466.pdb,14.7002,-12.8590
TER_3467.pdb,15.7805,-3.5990
TER_3468.pdb,22.8487,-18.9230
TER_3469.pdb,15.0282,-12.4180
TER_3470.pdb,15.7479,-10.6630
TER_3471.pdb,15.2442,-12.1660
TER_3472.pdb,17.3695,-11.4320
TER_3473.pdb,31.9664,-0.2020
TER_3474.pdb,17.1350,-15.4560
TER_3475.pdb,29.7204,-11.0900
TER_3476.pdb,36.2648,-2.4900
TER_3477.pdb,13.6847,-14.9290
TER_3478.pdb,19.2651,-5.6520
TER_3479.pdb,21.7020,-6.1460
TER_3480.pdb,11.2689,-18.5550
TER_3481.pdb,28.2584,-2.3290
TER_3482.pdb,29.1682,-6.8340
TER_3483.pdb,13.7664,-9.4690
TER_3484.pdb,19.6426,-12.2290
TER_3485.pdb,20.1899,-11.7440
TER_3486.pdb,26.9748,-4.9350
TER_3487.pdb,15.5956,-11.3670
TER_3488.pdb,21.0377,-8.1540
TER_3489.pdb,11.9970,-20.4990
TER_3490.pdb,21.1755,-14.9950
TER_3491.pdb,25.8499,-15.7800
TER_3492.pdb,18.4606,-10.8290
TER_3493.pdb,16.2557,-15.8390
TER_3494.pdb,19.9507,-5.0410
TER_3495.pdb,14.8485,-8.1300
TER_3496.pdb,16.2342,-7.3080
TER_3497.pdb,22.2694,-7.0550
TER_3498.pdb,24.5167,-14.9680
TER_3499.pdb,21.7202,-12.3350
TER_3500.pdb,30.7652,0.0000
TER_3501.pdb,18.9269,-7.5810
TER_3502.pdb,20.3519,-11.6700
TER_3503.pdb,17.1355,-10.5750
TER_3504.pdb,11.6310,-13.2860
TER_3505.pdb,11.1517,-12.4560
TER_3506.pdb,11.9297,-10.0450
TER_3507.pdb,19.0009,-11.5940
TER_3508.pdb,11.1981,-14.5040
TER_3509.pdb,13.9828,-10.4530
TER_3510.pdb,25.2823,-11.8180
TER_3511.pdb,14.0619,-10.3890
TER_3512.pdb,20.3404,-8.9070
TER_3513.pdb,17.7070,-0.4930
TER_3514.pdb,23.3084,-15.3560
TER_3515.pdb,24.3705,-6.8010
TER_3516.pdb,35.0654,-3.8100
TER_3517.pdb,10.4689,-13.5740
TER_3518.pdb,12.0990,-15.7180
TER_3519.pdb,14.5331,-10.5520
TER_3520.pdb,16.5235,-9.3260
TER_3521.pdb,12.8468,-8.8240
TER_3522.pdb,15.6348,-6.6290
TER_3523.pdb,10.6416,-13.1680
TER_3524.pdb,11.1125,-10.8510
TER_3525.pdb,21.4333,-8.8940
TER_3526.pdb,20.4189,-9.5960
TER_3527.pdb,17.0326,-10.9690
TER_3528.pdb,16.3689,-16.5140
TER_3529.pdb,52.2643,0.0000
TER_3530.pdb,16.1548,-11.1960
TER_3531.pdb,29.9608,-0.1280
TER_3532.pdb,20.8317,-6.2840
TER_3533.pdb,11.7589,-14.4260
TER_3534.pdb,15.3579,-8.6620
TER_3535.pdb,23.0619,-20.1220
TER_3536.pdb,16.3463,-11.0850
TER_3537.pdb,15.9657,-15.3840
TER_3538.pdb,13.3564,-11.8960
TER_3539.pdb,21.0028,-11.3640
TER_3540.pdb,15.4154,-19.8550
TER_3541.pdb,11.5598,-15.3630
TER_3542.pdb,23.6633,-15.2930
TER_3543.pdb,17.4133,-13.4860
TER_3544.pdb,16.8681,-6.8670
TER_3545.pdb,14.9877,-16.0250
TER_3546.pdb,17.2408,-15.7760
TER_3547.pdb,14.5286,-12.7110
TER_3548.pdb,21.9463,-8.4990
TER_3549.pdb,15.6457,-15.2490
TER_3550.pdb,14.2858,-14.7430
TER_3551.pdb,20.0487,-11.9620
TER_3552.pdb,10.5518,-17.6240
TER_3553.pdb,15.3029,-12.3040
TER_3554.pdb,18.5045,-10.0420
TER_3555.pdb,14.4847,-17.6040
TER_3556.pdb,14.3148,-10.8190
TER_3557.pdb,13.4186,-14.0980
TER_3558.pdb,66.3607,0.0000
TER_3559.pdb,12.5964,-10.2410
TER_3560.pdb,13.9305,-16.4830
TER_3561.pdb,17.8146,-13.4340
TER_3562.pdb,20.2661,-14.1450
TER_3563.pdb,18.9381,-11.3910
TER_3564.pdb,17.7579,-14.5250
TER_3565.pdb,21.5148,-9.0810
TER_3566.pdb,27.4904,-0.0740
TER_3567.pdb,26.5093,-11.7340
TER_3568.pdb,23.0430,-4.5240
TER_3569.pdb,30.5629,-5.8320
TER_3570.pdb,17.3348,-10.3110
TER_3571.pdb,12.2432,-18.6730
TER_3572.pdb,15.5314,-11.1610
TER_3573.pdb,25.3703,-2.7430
TER_3574.pdb,15.4469,-9.6490
TER_3575.pdb,19.5018,-9.9900
TER_3576.pdb,14.5044,-17.2510
TER_3577.pdb,13.8788,-16.5540
TER_3578.pdb,13.9599,-10.9650
TER_3579.pdb,30.2528,-12.2640
TER_3580.pdb,16.0275,-12.8710
TER_3581.pdb,21.1878,-8.2950
TER_3582.pdb,16.1217,-19.3720
TER_3583.pdb,25.2821,-3.4590
TER_3584.pdb,19.8018,-13.8840
TER_3585.pdb,11.2035,-16.4150
TER_3586.pdb,24.9368,-12.1150
TER_3587.pdb,13.8748,-10.6810
TER_3588.pdb,19.2026,-13.0100
TER_3589.pdb,16.4041,-15.0800
TER_3590.pdb,29.7320,-2.7120
TER_3591.pdb,22.3948,-9.0020
TER_3592.pdb,17.1874,-9.1020
TER_3593.pdb,12.8474,-19.9900
TER_3594.pdb,19.4320,-13.4910
TER_3595.pdb,14.5579,-15.6480
TER_3596.pdb,21.0682,-10.9210
TER_3597.pdb,25.6118,-17.5500
TER_3598.pdb,17.9380,-10.4250
TER_3599.pdb,15.9797,-14.2200
TER_3600.pdb,19.0321,-13.9780
TER_3601.pdb,17.3634,-20.8420
TER_3602.pdb,14.8596,-12.0700
TER_3603.pdb,13.9393,-14.8900
TER_3604.pdb,12.4408,-17.6800
TER_3605.pdb,29.4263,-0.0510
TER_3606.pdb,17.8742,-20.5810
TER_3607.pdb,18.4050,-17.8810
TER_3608.pdb,12.4708,-11.0680
TER_3609.pdb,17.0879,-6.9830
TER_3610.pdb,17.8396,-21.4620
TER_3611.pdb,15.9044,-19.7260
TER_3612.pdb,13.3387,-15.3050
TER_3613.pdb,11.1597,-11.6810
TER_3614.pdb,29.7621,-12.1170
TER_3615.pdb,21.0861,-9.0720
TER_3616.pdb,16.4047,-12.0310
TER_3617.pdb,37.6438,0.0000
TER_3618.pdb,17.2622,-12.7220
TER_3619.pdb,12.5540,-9.5300
TER_3620.pdb,17.7244,-16.6020
TER_3621.pdb,16.5590,-16.9260
TER_3622.pdb,22.7134,-16.9190
TER_3623.pdb,11.4676,-13.1650
TER_3624.pdb,21.5381,-12.7520
TER_3625.pdb,19.3924,-16.7350
TER_3626.pdb,23.5311,-12.2920
TER_3627.pdb,12.2695,-13.7980
TER_3628.pdb,24.5456,-16.6130
TER_3629.pdb,12.0408,-17.1440
TER_3630.pdb,14.0832,-21.1890
TER_3631.pdb,22.0853,-18.5760
TER_3632.pdb,14.2750,-12.3720
TER_3633.pdb,17.4445,-9.9330
TER_3634.pdb,14.3805,-14.1380
TER_3635.pdb,18.1092,-11.6650
TER_3636.pdb,23.3528,-1.9920
TER_3637.pdb,16.8278,-8.3070
TER_3638.pdb,21.3812,-0.1590
TER_3639.pdb,16.9057,-13.2280
TER_3640.pdb,19.1713,-11.1760
TER_3641.pdb,12.5963,-12.1960
TER_3642.pdb,20.4877,-7.7660
TER_3643.pdb,10.0793,-14.1230
TER_3644.pdb,16.7397,-14.6300
TER_3645.pdb,17.2287,-18.1480
TER_3646.pdb,17.1679,-11.8670
TER_3647.pdb,19.1754,-15.7560
TER_3648.pdb,24.3608,-9.5700
TER_3649.pdb,16.8589,-16.0850
TER_3650.pdb,11.2059,-13.3240
TER_3651.pdb,19.4366,-8.3390
TER_3652.pdb,31.0011,0.0000
TER_3653.pdb,18.7773,-10.8250
TER_3654.pdb,12.5460,-6.3730
TER_3655.pdb,19.8617,-7.2480
TER_3656.pdb,14.1216,-11.3840
TER_3657.pdb,12.2180,-15.4630
TER_3658.pdb,44.2818,0.0000
TER_3659.pdb,12.4830,-11.0490
TER_3660.pdb,18.8013,-17.5900
TER_3661.pdb,15.2432,-15.0480
TER_3662.pdb,16.2159,-15.1060
TER_3663.pdb,23.9432,-7.9660
TER_3664.pdb,11.3073,-10.5560
TER_3665.pdb,10.3753,-11.4820
TER_3666.pdb,11.2211,-9.9370
TER_3667.pdb,11.7355,-10.4900
TER_3668.pdb,32.7633,0.0000
TER_3669.pdb,13.4464,-17.8740
TER_3670.pdb,16.1800,-10.9870
TER_3671.pdb,13.7539,-21.1380
TER_3672.pdb,25.1575,-8.3430
TER_3673.pdb,22.8619,-16.0160
TER_3674.pdb,22.5502,-13.4390
TER_3675.pdb,11.3939,-15.6240
TER_3676.pdb,14.4239,-14.4250
TER_3677.pdb,16.1095,-11.0340
TER_3678.pdb,13.8914,-15.7880
TER_3679.pdb,17.3428,-16.1060
TER_3680.pdb,10.8178,-16.5120
TER_3681.pdb,19.4076,-16.6410
TER_3682.pdb,21.1503,-18.0370
TER_3683.pdb,12.0589,-11.1760
TER_3684.pdb,10.7291,-14.1470
TER_3685.pdb,15.2704,-5.7810
TER_3686.pdb,12.0339,-17.2160
TER_3687.pdb,13.8992,-8.5040
TER_3688.pdb,20.4193,-12.1160
TER_3689.pdb,21.5501,-14.8200
TER_3690.pdb,13.9881,-13.3180
TER_3691.pdb,34.9068,-0.0070
TER_3692.pdb,23.1271,-2.1340
TER_3693.pdb,12.1212,-11.3040
TER_3694.pdb,22.8187,-10.7790
TER_3695.pdb,15.0865,-9.8810
TER_3696.pdb,16.5690,-14.9220
TER_3697.pdb,13.8279,-15.6100
TER_3698.pdb,10.6990,-12.2290
TER_3699.pdb,13.6357,-8.1140
TER_3700.pdb,16.3769,-5.3580
TER_3701.pdb,20.6716,-7.2290
TER_3702.pdb,14.3198,-9.7710
TER_3703.pdb,14.3537,-13.8090
TER_3704.pdb,44.9092,0.0000
TER_3705.pdb,14.2579,-15.0000
TER_3706.pdb,12.3213,-17.8200
TER_3707.pdb,26.8327,-14.0480
TER_3708.pdb,15.2761,-12.0570
TER_3709.pdb,12.4382,-15.0420
TER_3710.pdb,38.5347,0.0000
TER_3711.pdb,20.3255,-18.1720
TER_3712.pdb,17.0827,-19.1030
TER_3713.pdb,20.5833,-10.5000
TER_3714.pdb,19.9868,-12.9100
TER_3715.pdb,21.7761,-12.2320
TER_3716.pdb,12.1067,-8.9060
TER_3717.pdb,13.5030,-13.8400
TER_3718.pdb,23.8226,-6.3920
TER_3719.pdb,19.1811,-8.3300
TER_3720.pdb,18.9761,-8.9570
TER_3721.pdb,39.0672,-9.6790
TER_3722.pdb,15.4839,-5.3050
TER_3723.pdb,14.6457,-13.3800
TER_3724.pdb,14.2226,-9.0130
TER_3725.pdb,12.7862,-16.0630
TER_3726.pdb,15.5703,-14.4770
TER_3727.pdb,27.6720,-10.1670
TER_3728.pdb,12.8207,-13.1160
TER_3729.pdb,13.0622,-4.7000
TER_3730.pdb,29.7458,-16.4460
TER_3731.pdb,13.2964,-6.2710
TER_3732.pdb,26.5285,-12.3400
TER_3733.pdb,15.9511,-14.5770
TER_3734.pdb,23.2880,-14.0680
TER_3735.pdb,19.3794,-2.1890
TER_3736.pdb,25.0669,-9.2120
TER_3737.pdb,55.7786,0.0000
TER_3738.pdb,14.5007,-10.5230
TER_3739.pdb,18.9559,-17.5180
TER_3740.pdb,13.4739,-8.5180
TER_3741.pdb,15.2473,-14.8510
TER_3742.pdb,10.9132,-16.6310
TER_3743.pdb,18.1797,-7.1150
TER_3744.pdb,13.5108,-20.0160
TER_3745.pdb,27.5577,-5.6540
TER_3746.pdb,11.7479,-13.8910
TER_3747.pdb,10.6746,-8.1270
TER_3748.pdb,14.6316,-9.6370
TER_3749.pdb,10.3860,-12.8440
TER_3750.pdb,15.7465,-8.1200
TER_3751.pdb,13.1468,-13.2030
TER_3752.pdb,18.5089,-9.4320
TER_3753.pdb,18.8194,-17.2730
TER_3754.pdb,20.2940,-3.5990
TER_3755.pdb,26.5611,-14.8490
TER_3756.pdb,16.6817,-9.6700
TER_3757.pdb,15.5263,-14.2870
TER_3758.pdb,22.9369,-5.4610
TER_3759.pdb,12.9309,-17.5010
TER_3760.pdb,26.5757,-3.5590
TER_3761.pdb,28.2637,-0.2610
TER_3762.pdb,11.0145,-9.8490
TER_3763.pdb,15.8058,-11.1330
TER_3764.pdb,14.7663,-17.0090
TER_3765.pdb,14.4946,-11.9810
TER_3766.pdb,25.0211,-7.2630
TER_3767.pdb,19.2568,-11.4910
TER_3768.pdb,11.9910,-9.8150
TER_3769.pdb,20.3804,-11.5670
TER_3770.pdb,11.7937,-12.0130
TER_3771.pdb,14.7007,-17.4470
TER_3772.pdb,15.1424,-18.3200
TER_3773.pdb,17.9756,-4.6310
TER_3774.pdb,23.0260,-11.4460
TER_3775.pdb,13.0442,-9.8260
TER_3776.pdb,12.8194,-11.1790
TER_3777.pdb,14.7222,-12.3380
TER_3778.pdb,36.6260,-0.0140
TER_3779.pdb,12.8618,-12.3300
TER_3780.pdb,16.9752,-3.2530
TER_3781.pdb,21.1844,-14.8990
TER_3782.pdb,16.3867,-3.6950
TER_3783.pdb,17.2129,-5.4370
TER_3784.pdb,20.4045,-9.8320
TER_3785.pdb,11.8807,-14.6740
TER_3786.pdb,22.2484,-9.7110
TER_3787.pdb,25.6083,-9.1670
TER_3788.pdb,16.2458,-13.9360
TER_3789.pdb,16.9853,-8.5310
TER_3790.pdb,12.0558,-10.8980
TER_3791.pdb,15.6752,-9.5310
TER_3792.pdb,10.5885,-12.3720
TER_3793.pdb,17.0542,-13.3890
TER_3794.pdb,16.7515,-11.7860
TER_3795.pdb,24.6417,-9.2040
TER_3796.pdb,12.4176,-17.2180
TER_3797.pdb,13.3029,-15.1380
TER_3798.pdb,12.8423,-12.6380
TER_3799.pdb,11.9989,-12.8310
TER_3800.pdb,18.3293,-8.6370
TER_3801.pdb,16.7853,-11.3800
TER_3802.pdb,12.3902,-5.1250
TER_3803.pdb,18.8396,-18.7720
TER_3804.pdb,26.5483,-6.6440
TER_3805.pdb,38.7106,0.0000
TER_3806.pdb,33.9811,-9.2940
TER_3807.pdb,15.0174,-14.8000
TER_3808.pdb,32.5102,-2.0400
TER_3809.pdb,13.4094,-11.7090
TER_3810.pdb,32.9006,-12.9340
TER_3811.pdb,16.6344,-10.6210
TER_3812.pdb,11.2243,-13.1750
TER_3813.pdb,33.6101,-8.0640
TER_3814.pdb,19.3312,-11.6160
TER_3815.pdb,17.5276,-9.3150
TER_3816.pdb,21.3537,-17.5400
TER_3817.pdb,20.4629,-8.2500
TER_3818.pdb,12.5107,-21.0060
TER_3819.pdb,13.1788,-14.2240
TER_3820.pdb,20.5187,-7.0460
TER_3821.pdb,16.2824,-9.5340
TER_3822.pdb,16.5059,-13.0270
TER_3823.pdb,17.3508,-9.6670
TER_3824.pdb,15.1507,-14.4200
TER_3825.pdb,21.5931,-15.9700
TER_3826.pdb,14.2978,-5.5400
TER_3827.pdb,16.7593,-7.2950
TER_3828.pdb,14.1505,-9.1360
TER_3829.pdb,15.1856,-10.7720
TER_3830.pdb,12.0814,-11.0220
TER_3831.pdb,15.8031,-15.0690
TER_3832.pdb,15.8545,-5.1660
TER_3833.pdb,22.7472,-6.8500
TER_3834.pdb,23.8450,-13.4150
TER_3835.pdb,17.4138,-12.7870
TER_3836.pdb,12.9281,-16.1650
TER_3837.pdb,18.1221,-1.4870
TER_3838.pdb,14.4354,-5.7820
TER_3839.pdb,15.4083,-6.9690
TER_3840.pdb,24.4343,-10.1240
TER_3841.pdb,15.3212,-9.5400
TER_3842.pdb,21.4789,-10.4540
TER_3843.pdb,16.7107,-19.0460
TER_3844.pdb,15.2972,-7.7600
TER_3845.pdb,26.4379,-9.8910
TER_3846.pdb,11.4247,-13.5820
TER_3847.pdb,17.1884,-20.2710
TER_3848.pdb,14.5297,-14.1600
TER_3849.pdb,17.0544,-18.0210
TER_3850.pdb,20.6625,-12.6450
TER_3851.pdb,13.7287,-11.5770
TER_3852.pdb,15.8668,-15.2390
TER_3853.pdb,15.7153,-10.5440
TER_3854.pdb,18.2400,-12.6960
TER_3855.pdb,18.2332,-12.2750
TER_3856.pdb,16.7177,-17.0100
TER_3857.pdb,20.0825,-8.0160
TER_3858.pdb,12.9116,-7.2250
TER_3859.pdb,15.6920,-6.0590
TER_3860.pdb,24.1103,-14.5620
TER_3861.pdb,17.4087,-8.9610
TER_3862.pdb,12.4351,-14.5840
TER_3863.pdb,21.8314,-10.4550
TER_3864.pdb,18.1815,-14.8410
TER_3865.pdb,10.7869,-10.9710
TER_3866.pdb,15.0974,-14.1330
TER_3867.pdb,19.2829,-13.9510
TER_3868.pdb,13.7922,-1.0070
TER_3869.pdb,11.0781,-11.3720
TER_3870.pdb,17.3499,-21.0680
TER_3871.pdb,22.8003,-16.7780
TER_3872.pdb,10.6706,-8.4420
TER_3873.pdb,16.2069,-11.9200
TER_3874.pdb,16.5467,-18.8530
TER_3875.pdb,17.7520,-10.4230
TER_3876.pdb,47.6440,0.0000
TER_3877.pdb,16.9966,-13.8560
TER_3878.pdb,15.6463,-6.3860
TER_3879.pdb,12.5871,-11.2240
TER_3880.pdb,11.6612,-13.5460
TER_3881.pdb,10.8896,-9.5940
TER_3882.pdb,20.6324,-9.8810
TER_3883.pdb,11.9076,-12.7200
TER_3884.pdb,24.4678,-11.0290
TER_3885.pdb,22.6582,-11.7320
TER_3886.pdb,16.6280,-10.6350
TER_3887.pdb,15.4862,-14.7730
TER_3888.pdb,12.9804,-13.9290
TER_3889.pdb,26.1843,-3.8370
TER_3890.pdb,15.1615,-11.6800
TER_3891.pdb,31.3621,0.0000
TER_3892.pdb,24.5322,-6.9880
TER_3893.pdb,17.5641,-8.7880
TER_3894.pdb,19.2243,-13.7650
TER_3895.pdb,18.5980,-15.5160
TER_3896.pdb,19.3249,-9.7630
TER_3897.pdb,16.7266,-11.5300
TER_3898.pdb,11.8234,-16.3620
TER_3899.pdb,20.2153,-16.6120
TER_3900.pdb,11.6257,-18.1090
TER_3901.pdb,13.4873,-10.5620
TER_3902.pdb,18.9555,-5.6350
TER_3903.pdb,24.9004,-4.4380
TER_3904.pdb,18.7533,-11.1020
TER_3905.pdb,21.8555,-7.7430
TER_3906.pdb,11.8824,-20.1530
TER_3907.pdb,18.9321,-9.1820
TER_3908.pdb,17.0701,-14.7800
TER_3909.pdb,22.3905,-11.2300
TER_3910.pdb,29.3184,-2.8830
TER_3911.pdb,22.2344,-6.8210
TER_3912.pdb,15.3967,-6.7830
TER_3913.pdb,18.5392,-12.3280
TER_3914.pdb,23.6250,-7.8740
TER_3915.pdb,17.8521,-13.1700
TER_3916.pdb,14.7706,-10.9600
TER_3917.pdb,16.6525,-10.2920
TER_3918.pdb,20.6155,-9.8840
TER_3919.pdb,23.2400,-5.6510
TER_3920.pdb,12.4103,-14.9620
TER_3921.pdb,24.6897,-18.8230
TER_3922.pdb,16.5766,-9.7510
TER_3923.pdb,16.4618,-12.0320
TER_3924.pdb,17.4079,-8.9790
TER_3925.pdb,11.5074,-19.0460
TER_3926.pdb,13.6854,-16.8760
TER_3927.pdb,17.2476,-15.0500
TER_3928.pdb,18.8110,-11.8420
TER_3929.pdb,10.9828,-9.1280
TER_3930.pdb,16.5585,-20.5420
TER_3931.pdb,14.8998,-20.8200
TER_3932.pdb,19.7139,-7.0000
TER_3933.pdb,15.4871,-5.9820
TER_3934.pdb,21.5076,-2.3490
TER_3935.pdb,10.0017,-15.0430
TER_3936.pdb,14.8191,-20.3850
TER_3937.pdb,26.1772,-14.5480
TER_3938.pdb,17.9690,-5.4150
TER_3939.pdb,18.1283,-10.5790
TER_3940.pdb,16.8293,-9.5990
TER_3941.pdb,11.2831,-11.6350
TER_3942.pdb,20.6554,-8.8710
TER_3943.pdb,16.0281,-17.6860
TER_3944.pdb,18.0188,-14.0240
TER_3945.pdb,13.5261,-5.5880
TER_3946.pdb,28.6964,-10.4830
TER_3947.pdb,18.3781,-5.5990
TER_3948.pdb,12.3091,-10.3370
TER_3949.pdb,17.0298,-17.7800
TER_3950.pdb,15.8277,-14.4410
TER_3951.pdb,17.0613,-10.9070
TER_3952.pdb,19.7372,-10.8820
TER_3953.pdb,11.6317,-13.4260
TER_3954.pdb,12.9266,-14.4710
TER_3955.pdb,21.0309,-7.3030
TER_3956.pdb,23.3430,-7.8160
TER_3957.pdb,20.6007,-13.5570
TER_3958.pdb,21.7353,-11.3760
TER_3959.pdb,22.3527,-11.1050
TER_3960.pdb,18.9935,-6.4470
TER_3961.pdb,16.3353,-10.4870
TER_3962.pdb,21.0369,-9.2190
TER_3963.pdb,16.8994,-12.2450
TER_3964.pdb,21.1079,-16.4780
TER_3965.pdb,14.4343,-10.9540
TER_3966.pdb,16.8660,-20.1810
TER_3967.pdb,24.7860,0.0000
TER_3968.pdb,21.4125,-12.6430
TER_3969.pdb,21.1798,-19.0860
TER_3970.pdb,12.9819,-9.6280
TER_3971.pdb,12.4583,-13.6660
TER_3972.pdb,17.6368,-8.2670
TER_3973.pdb,14.4776,-13.7930
TER_3974.pdb,15.0932,-14.3310
TER_3975.pdb,24.8092,-14.5480
TER_3976.pdb,18.1748,-19.4120
TER_3977.pdb,18.6364,-11.7240
TER_3978.pdb,11.4223,-8.4270
TER_3979.pdb,17.8679,-8.1500
TER_3980.pdb,29.0568,-13.7740
TER_3981.pdb,12.3140,-6.2840
TER_3982.pdb,22.4341,-5.9620
TER_3983.pdb,37.4029,0.0000
TER_3984.pdb,14.3589,-17.4290
TER_3985.pdb,15.2027,-15.0730
TER_3986.pdb,17.6550,-16.2360
TER_3987.pdb,12.5194,-13.5740
TER_3988.pdb,16.4054,-6.6500
TER_3989.pdb,18.7231,-15.4040
TER_3990.pdb,14.8099,-12.6210
TER_3991.pdb,12.4035,-13.4460
TER_3992.pdb,19.8349,-15.9360
TER_3993.pdb,16.7450,-14.3990
TER_3994.pdb,18.4671,-4.1900
TER_3995.pdb,11.1164,-11.6110
TER_3996.pdb,16.8993,-0.0160
TER_3997.pdb,14.4625,-17.7900
TER_3998.pdb,16.9886,-15.7720
TER_3999.pdb,27.6031,-9.5020
TER_4000.pdb,20.5700,-17.6990
TER_4001.pdb,17.4678,-9.1490
TER_4002.pdb,17.0588,-6.5570
TER_4003.pdb,14.4469,-13.7740
TER_4004.pdb,16.2596,-14.2100
TER_4005.pdb,16.3487,-9.0240
TER_4006.pdb,23.3847,-10.8960
TER_4007.pdb,13.3394,-14.5480
TER_4008.pdb,20.9234,-14.5610
TER_4009.pdb,13.2846,-10.6650
TER_4010.pdb,10.5529,-11.3390
TER_4012.pdb,13.5141,-14.6200
TER_4013.pdb,19.2842,-12.9830
TER_4014.pdb,15.7976,-12.4150
TER_4015.pdb,14.5320,-16.8950
TER_4016.pdb,23.2514,-6.0370
TER_4017.pdb,18.9892,-18.0900
TER_4018.pdb,18.4526,-10.6850
TER_4019.pdb,19.2353,-14.3700
TER_4020.pdb,13.6050,-10.5190
TER_4021.pdb,19.6294,-4.2910
TER_4023.pdb,23.4403,-10.6340
TER_4024.pdb,25.8262,-16.8870
TER_4025.pdb,14.7114,-21.9180
TER_4026.pdb,13.0166,-10.8260
TER_4027.pdb,20.5558,-11.5470
TER_4028.pdb,16.7370,-8.0570
TER_4029.pdb,15.3568,-13.1660
TER_4030.pdb,9.8497,-12.4680
TER_4032.pdb,11.0262,-10.4110
TER_4036.pdb,15.4320,-11.1640
TER_4039.pdb,13.6923,-7.3820
TER_4041.pdb,25.0059,-5.7790
TER_4042.pdb,24.7082,-7.6570
TER_4043.pdb,15.3490,-12.5670
TER_4045.pdb,23.0946,-0.2210
TER_4046.pdb,32.8664,-0.2380
